person_id;cohort_name;gender;age;mbti_personality;mbti_personality_text;mbti_extrovert;mbti_perc_e_i;mbti_intuitive;mbti_perc_n_s;mbti_feeling;mbti_perc_t_f;mbti_judging;mbti_perc_j_p;mbti_assertive;mbti_perc_a_t;big5.chatty;big5.cold;big5.thorough;big5.depressed;big5.original;big5.quiet;big5.helpful;big5.unorganized;big5.relaxed;big5.wild_imagination;big5.outgoing;big5.rude;big5.planner;big5.worried_a_lot;big5.speculate;big5.shy;big5.considerate;big5.uncareful;big5.nervous;big5.not_artistic;big5_extrovert_tot;big5_openness_tot;big5_agreeableness_tot;big5_conscientiousness_tot;big5.relaxed_rev;big5_neuroticism_tot;big5_extrovert_mean;big5_openness_mean;big5_agreeableness_mean;big5_conscientiousness_mean;big5_neuroticism_mean
ID7356;H-2024;1;20;8;ENFP;E;;N;;F;;P;;;;5;6;6;2;6;4;6;6;6;7;5;5;5;4;5;4;6;3;3;7;18;25;23;20;2;11;4,50;6,25;5,75;5,00;2,75
ID7920;H-2024;0;20;11;ESTJ;E;;S;;T;;J;;;;5;5;6;1;2;5;5;6;4;1;4;6;5;4;5;5;6;4;5;1;19;9;22;21;4;14;4,75;2,25;5,50;5,25;3,50
ID7066;H-2024;0;22;7;ENFJ;E;;N;;F;;J;;;;6;5;6;1;5;5;5;4;2;5;6;6;6;5;5;4;7;4;5;5;21;20;23;20;6;17;5,25;5,00;5,75;5,00;4,25
ID7990;H-2024;1;22;4;ENTP;E;;N;;T;;P;;;;5;6;3;1;5;6;6;3;7;4;6;6;4;1;5;6;7;2;1;1;23;15;25;12;1;4;5,75;3,75;6,25;3,00;1,00
ID7173;H-2024;0;25;7;ENFJ;E;;N;;F;;J;;;;7;7;5;2;5;7;6;5;5;6;7;5;5;3;5;7;7;7;2;5;28;21;25;22;3;10;7,00;5,25;6,25;5,50;2,50
ID5004;H-2024;1;19;1;INTJ;I;;N;;T;;J;;;;5;6;7;2;5;3;6;6;6;6;5;6;7;5;4;5;7;7;5;5;18;20;25;27;2;14;4,50;5,00;6,25;6,75;3,50
ID4623;H-2024;0;21;12;ESFJ;E;;S;;F;;J;;;;6;4;7;1;4;3;7;7;5;1;6;7;7;7;3;7;7;7;6;1;22;9;25;28;3;17;5,50;2,25;6,25;7,00;4,25
ID6953;H-2024;1;21;2;INTP;I;;N;;T;;P;;;;3;4;6;2;6;3;5;4;6;6;4;4;6;3;7;5;5;3;3;2;15;21;18;19;2;10;3,75;5,25;4,50;4,75;2,50
ID6693;H-2024;1;36;1;INTJ;I;;N;;T;;J;;;;3;5;6;5;4;2;6;6;3;4;2;6;4;6;4;3;6;6;6;2;10;14;23;22;5;22;2,50;3,50;5,75;5,50;5,50
ID4400;H-2024;0;21;12;ESFJ;E;;S;;F;;J;;;;6;7;7;1;5;7;7;7;4;5;7;7;7;5;5;7;7;6;5;3;27;18;28;27;4;15;6,75;4,50;7,00;6,75;3,75
ID6948;H-2024;0;22;2;INTP;I;;N;;T;;P;;;;4;3;6;3;5;2;5;4;6;6;4;7;6;5;6;5;7;7;4;5;15;22;22;23;2;14;3,75;5,50;5,50;5,75;3,50
ID6146;H-2024;0;23;11;ESTJ;E;;S;;T;;J;;;;5;7;7;2;3;3;7;7;7;3;5;7;7;5;2;5;7;7;2;2;18;10;28;28;1;10;4,50;2,50;7,00;7,00;2,50
ID7175;H-2024;1;18;15;ESTP;E;;S;;T;;P;;;;6;5;6;1;5;6;5;5;4;3;7;5;5;3;4;5;7;3;4;6;24;18;22;19;4;12;6,00;4,50;5,50;4,75;3,00
ID6774;H-2024;1;21;3;ENTJ;E;;N;;T;;J;;;;5;5;7;1;6;7;4;7;6;7;6;4;6;1;6;6;5;1;2;3;24;22;18;21;2;6;6,00;5,50;4,50;5,25;1,50
ID5626;H-2024;0;20;9;ISTJ;I;;S;;T;;J;;;;5;6;7;1;5;6;6;7;5;3;4;7;7;6;4;6;7;6;4;3;21;15;26;27;3;14;5,25;3,75;6,50;6,75;3,50
ID6374;H-2024;0;19;7;ENFJ;E;;N;;F;;J;;;;7;7;7;1;6;7;1;7;4;4;7;6;7;3;5;7;7;4;4;4;28;19;21;25;4;12;7,00;4,75;5,25;6,25;3,00
ID5103;H-2024;0;19;3;ENTJ;E;;N;;T;;J;;;;5;6;7;1;4;2;7;6;4;2;5;7;6;5;4;5;7;7;4;5;17;15;27;26;4;14;4,25;3,75;6,75;6,50;3,50
ID6932;H-2024;0;23;12;ESFJ;E;;S;;F;;J;;;;7;7;7;1;3;7;6;7;6;3;7;7;7;2;3;7;7;5;4;2;28;11;27;26;2;9;7,00;2,75;6,75;6,50;2,25
ID4270;H-2024;0;24;10;ISFJ;I;;S;;F;;J;;;;5;7;7;2;3;3;5;7;2;7;4;7;5;7;5;4;7;7;6;6;16;21;26;26;6;21;4,00;5,25;6,50;6,50;5,25
ID7454;H-2024;1;24;4;ENTP;E;;N;;T;;P;;;;7;5;2;1;4;7;5;3;7;3;4;5;2;1;7;5;6;3;3;7;23;21;21;10;1;6;5,75;5,25;5,25;2,50;1,50
ID6232;H-2024;0;23;8;ENFP;E;;N;;F;;P;;;;5;5;5;2;5;6;4;2;6;6;6;5;2;4;5;7;6;3;4;6;24;22;20;12;2;12;6,00;5,50;5,00;3,00;3,00
ID6622;H-2024;0;24;12;ESFJ;E;;S;;F;;J;;;;6;7;5;1;3;6;5;2;6;5;7;6;5;7;4;5;7;6;6;3;24;15;25;18;2;16;6,00;3,75;6,25;4,50;4,00
ID6052;H-2024;1;39;1;INTJ;I;;N;;T;;J;;;;4;5;7;1;5;3;7;7;6;5;5;7;7;2;7;5;7;7;2;7;17;24;26;28;2;7;4,25;6,00;6,50;7,00;1,75
ID7972;H-2024;0;22;7;ENFJ;E;;N;;F;;J;;;;7;5;6;1;5;5;4;6;5;7;7;4;6;5;7;5;6;2;4;4;24;23;19;20;3;13;6,00;5,75;4,75;5,00;3,25
ID5685;H-2024;0;19;15;ESTP;E;;S;;T;;P;;;;7;6;6;1;4;6;6;3;5;3;7;7;3;5;5;5;7;6;5;5;25;17;26;18;3;14;6,25;4,25;6,50;4,50;3,50
ID6600;H-2024;0;23;9;ISTJ;I;;S;;T;;J;;;;5;1;5;1;1;6;4;7;4;7;5;3;7;7;5;4;7;1;7;1;20;14;15;20;4;19;5,00;3,50;3,75;5,00;4,75
ID5236;H-2024;1;19;9;ISTJ;I;;S;;T;;J;;;;4;6;6;1;5;2;6;6;4;2;3;6;6;5;5;5;6;6;6;3;14;15;24;24;4;16;3,50;3,75;6,00;6,00;4,00
ID7000;H-2024;0;21;7;ENFJ;E;;N;;F;;J;;;;7;7;7;1;5;7;7;7;5;4;7;7;7;3;3;7;7;7;3;6;28;18;28;28;3;10;7,00;4,50;7,00;7,00;2,50
ID5219;H-2024;1;41;2;INTP;I;;N;;T;;P;;;;4;3;6;1;7;4;4;6;7;7;4;4;6;1;7;3;6;5;2;4;15;25;17;23;1;5;3,75;6,25;4,25;5,75;1,25
ID4996;H-2024;0;19;7;ENFJ;E;;N;;F;;J;;;;3;6;7;1;5;4;6;7;6;7;4;7;5;5;7;4;7;6;3;7;15;26;26;25;2;11;3,75;6,50;6,50;6,25;2,75
ID7583;H-2024;1;23;6;INFP;I;;N;;F;;P;;;;4;4;5;1;3;5;5;5;4;6;4;4;4;5;5;5;6;3;3;2;18;16;19;17;4;13;4,50;4,00;4,75;4,25;3,25
ID4479;H-2024;0;23;12;ESFJ;E;;S;;F;;J;;;;7;7;6;1;4;7;6;6;5;4;7;7;7;3;3;7;7;6;2;2;28;13;27;25;3;9;7,00;3,25;6,75;6,25;2,25
ID7677;H-2024;0;24;7;ENFJ;E;;N;;F;;J;;;;5;6;7;1;5;5;7;7;6;4;5;7;7;1;5;7;6;7;2;5;22;19;26;28;2;6;5,50;4,75;6,50;7,00;1,50
ID4634;H-2024;1;24;4;ENTP;E;;N;;T;;P;;;;6;3;5;2;7;5;6;3;5;7;6;3;4;3;6;5;7;5;3;5;22;25;19;17;3;11;5,50;6,25;4,75;4,25;2,75
ID4901;H-2024;0;20;8;ENFP;E;;N;;F;;P;;;;4;3;5;4;6;4;6;5;6;6;5;6;5;2;5;3;7;4;4;6;16;23;22;19;2;12;4,00;5,75;5,50;4,75;3,00
ID4578;H-2024;1;24;9;ISTJ;I;;S;;T;;J;;;;2;6;6;5;5;3;7;6;3;1;2;4;6;6;5;2;7;6;7;1;9;12;24;24;5;23;2,25;3,00;6,00;6,00;5,75
ID7582;H-2024;1;30;9;ISTJ;I;;S;;T;;J;;;;4;4;7;4;3;3;7;6;5;7;3;6;5;6;5;3;7;6;6;1;13;16;24;24;3;19;3,25;4,00;6,00;6,00;4,75
ID7759;H-2024;0;23;12;ESFJ;E;;S;;F;;J;;;;6;7;7;1;5;7;7;7;3;4;7;7;7;2;7;7;7;6;6;7;27;23;28;27;5;14;6,75;5,75;7,00;6,75;3,50
ID7496;H-2024;0;24;3;ENTJ;E;;N;;T;;J;;;;6;7;7;1;6;2;7;7;5;6;6;7;7;4;7;7;7;7;2;7;21;26;28;28;3;10;5,25;6,50;7,00;7,00;2,50
ID5403;H-2024;0;19;1;INTJ;I;;N;;T;;J;;;;5;6;7;1;5;7;5;5;2;6;5;7;6;6;6;6;6;5;6;6;23;23;24;23;6;19;5,75;5,75;6,00;5,75;4,75
ID7888;H-2024;1;19;1;INTJ;I;;N;;T;;J;;;;2;2;7;2;7;2;6;3;5;7;3;7;5;2;6;2;7;6;6;5;9;25;22;21;3;13;2,25;6,25;5,50;5,25;3,25
ID5132;H-2024;0;22;4;ENTP;E;;N;;T;;P;;;;5;5;6;1;5;6;5;7;4;7;6;6;3;4;6;6;6;2;4;5;23;23;22;18;4;13;5,75;5,75;5,50;4,50;3,25
ID4131;H-2024;1;28;9;ISTJ;I;;S;;T;;J;;;;3;3;6;1;4;3;6;7;6;4;3;6;7;2;5;6;6;7;2;5;15;18;21;27;2;7;3,75;4,50;5,25;6,75;1,75
ID7415;H-2024;1;20;11;ESTJ;E;;S;;T;;J;;;;4;6;7;1;3;4;6;7;4;2;4;5;7;4;3;4;7;5;5;5;16;13;24;26;4;14;4,00;3,25;6,00;6,50;3,50
ID7113;H-2024;0;20;16;ESFP;E;;S;;F;;P;;;;5;7;7;1;6;6;7;7;7;5;6;7;7;3;5;7;7;7;2;1;24;17;28;28;1;7;6,00;4,25;7,00;7,00;1,75
ID7699;H-2024;1;19;1;INTJ;I;;N;;T;;J;;;;3;3;7;1;4;5;6;7;7;5;5;7;6;1;5;6;6;6;1;2;19;16;22;26;1;4;4,75;4,00;5,50;6,50;1,00
ID5014;H-2024;0;20;10;ISFJ;I;;S;;F;;J;;;;5;7;7;1;4;3;7;7;6;3;5;6;7;3;2;6;7;7;2;2;19;11;27;28;2;8;4,75;2,75;6,75;7,00;2,00
ID4740;H-2024;1;21;7;ENFJ;E;;N;;F;;J;;;;6;6;6;1;5;6;6;4;5;5;7;6;6;3;4;6;7;4;3;5;25;19;25;20;3;10;6,25;4,75;6,25;5,00;2,50
ID7912;H-2024;0;19;9;ISTJ;I;;S;;T;;J;;;;3;4;7;7;3;3;7;6;3;5;3;6;6;7;5;5;7;5;5;5;14;18;24;24;5;24;3,50;4,50;6,00;6,00;6,00
ID5952;H-2024;0;20;7;ENFJ;E;;N;;F;;J;;;;5;6;7;1;4;5;6;3;2;3;5;6;5;6;5;6;7;5;6;3;21;15;25;20;6;19;5,25;3,75;6,25;5,00;4,75
ID4298;H-2024;1;24;3;ENTJ;E;;N;;T;;J;;;;3;6;6;1;4;3;5;6;7;5;4;5;7;2;6;6;7;4;2;2;16;17;23;23;1;6;4,00;4,25;5,75;5,75;1,50
ID5835;H-2024;1;20;15;ESTP;E;;S;;T;;P;;;;5;6;6;1;5;6;7;6;7;4;5;7;6;2;4;7;7;7;5;3;23;16;27;25;1;9;5,75;4,00;6,75;6,25;2,25
ID4258;H-2024;0;24;1;INTJ;I;;N;;T;;J;;;;4;6;7;1;5;3;6;7;7;7;5;6;7;3;7;5;6;6;2;7;17;26;24;27;1;7;4,25;6,50;6,00;6,75;1,75
ID7701;H-2024;1;22;11;ESTJ;E;;S;;T;;J;;;;3;5;7;1;3;3;6;6;7;5;5;6;7;1;3;6;7;3;2;6;17;17;24;23;1;5;4,25;4,25;6,00;5,75;1,25
ID4079;H-2024;1;28;4;ENTP;E;;N;;T;;P;;;;4;4;7;3;7;3;7;4;2;4;4;3;5;5;7;4;7;7;5;6;15;24;21;23;6;19;3,75;6,00;5,25;5,75;4,75
ID7254;H-2024;1;21;12;ESFJ;E;;S;;F;;J;;;;6;7;6;1;4;6;6;6;5;4;7;6;6;4;4;6;7;3;4;3;25;15;26;21;3;12;6,25;3,75;6,50;5,25;3,00
ID6353;H-2024;0;23;7;ENFJ;E;;N;;F;;J;;;;7;7;7;1;4;7;7;6;6;4;7;7;6;2;4;7;7;6;3;3;28;15;28;25;2;8;7,00;3,75;7,00;6,25;2,00
ID7430;H-2024;0;22;5;INFJ;I;;N;;F;;J;;;;3;3;5;3;5;2;7;3;3;6;3;6;3;6;6;3;7;3;6;7;11;24;23;14;5;20;2,75;6,00;5,75;3,50;5,00
ID6744;H-2024;0;19;12;ESFJ;E;;S;;F;;J;;;;5;5;3;5;4;4;5;3;3;2;5;6;5;6;3;4;5;5;5;5;18;14;21;16;5;21;4,50;3,50;5,25;4,00;5,25
ID4307;H-2024;0;19;10;ISFJ;I;;S;;F;;J;;;;3;6;7;2;3;3;7;3;2;2;2;7;2;6;5;3;7;3;7;3;11;13;27;15;6;21;2,75;3,25;6,75;3,75;5,25
ID4902;H-2024;1;19;12;ESFJ;E;;S;;F;;J;;;;7;2;7;1;5;4;7;4;5;4;6;3;4;5;5;2;6;2;6;1;19;15;18;17;3;15;4,75;3,75;4,50;4,25;3,75
ID7377;H-2024;0;21;11;ESTJ;E;;S;;T;;J;;;;7;7;6;1;2;7;6;7;4;2;7;7;7;5;3;7;7;5;4;1;28;8;27;25;4;14;7,00;2,00;6,75;6,25;3,50
ID5245;H-2024;1;19;3;ENTJ;E;;N;;T;;J;;;;6;4;7;1;4;6;5;7;7;5;7;5;7;3;5;6;7;3;2;2;25;16;21;24;1;7;6,25;4,00;5,25;6,00;1,75
ID7808;H-2024;0;21;5;INFJ;I;;N;;F;;J;;;;5;6;7;1;5;3;7;6;5;5;6;7;7;2;5;7;7;7;3;3;21;18;27;27;3;9;5,25;4,50;6,75;6,75;2,25
ID4561;H-2024;1;19;3;ENTJ;E;;N;;T;;J;;;;5;4;7;1;6;5;7;6;7;7;7;6;6;4;5;7;7;6;4;4;24;22;24;25;1;10;6,00;5,50;6,00;6,25;2,50
ID7385;H-2024;0;22;7;ENFJ;E;;N;;F;;J;;;;5;3;7;1;7;2;6;7;5;7;4;7;7;4;7;5;7;7;5;7;16;28;23;28;3;13;4,00;7,00;5,75;7,00;3,25
ID4136;H-2024;0;20;15;ESTP;E;;S;;T;;P;;;;7;6;6;1;5;7;5;5;5;5;6;5;5;3;4;7;6;4;5;6;27;20;22;20;3;12;6,75;5,00;5,50;5,00;3,00
ID7866;H-2024;1;32;11;ESTJ;E;;S;;T;;J;;;;3;6;6;1;5;3;6;7;5;5;4;7;7;4;4;4;7;7;5;2;14;16;26;27;3;13;3,50;4,00;6,50;6,75;3,25
ID5169;H-2024;0;19;9;ISTJ;I;;S;;T;;J;;;;3;4;7;1;3;3;5;7;3;2;3;7;6;5;3;5;5;7;5;1;14;9;21;27;5;16;3,50;2,25;5,25;6,75;4,00
ID4959;H-2024;1;19;3;ENTJ;E;;N;;T;;J;;;;5;6;7;1;5;4;7;7;7;4;6;7;5;1;3;6;7;7;1;1;21;13;27;26;1;4;5,25;3,25;6,75;6,50;1,00
ID6171;H-2024;0;20;12;ESFJ;E;;S;;F;;J;;;;6;7;7;1;3;5;7;5;4;2;5;7;5;5;4;5;7;5;5;3;21;12;28;22;4;15;5,25;3,00;7,00;5,50;3,75
ID5800;H-2024;0;20;7;ENFJ;E;;N;;F;;J;;;;6;4;7;1;7;4;4;7;7;7;7;4;6;1;6;3;6;3;1;6;20;26;18;23;1;4;5,00;6,50;4,50;5,75;1,00
ID5258;H-2024;0;23;7;ENFJ;E;;N;;F;;J;;;;5;6;6;4;3;3;6;6;5;3;5;6;7;7;5;5;7;4;6;6;18;17;25;23;3;20;4,50;4,25;6,25;5,75;5,00
ID4608;H-2024;0;20;7;ENFJ;E;;N;;F;;J;;;;6;5;7;1;5;4;6;4;4;7;5;6;5;6;6;5;7;5;6;7;20;25;24;21;4;17;5,00;6,25;6,00;5,25;4,25
ID4495;H-2024;1;19;13;ISTP;I;;S;;T;;P;;;;5;7;7;1;5;4;7;7;5;5;6;7;7;2;6;7;7;6;4;5;22;21;28;27;3;10;5,50;5,25;7,00;6,75;2,50
ID4534;H-2024;0;21;6;INFP;I;;N;;F;;P;;;;1;3;3;6;2;1;7;4;1;7;1;7;4;7;3;1;7;6;7;2;4;14;24;17;7;27;1,00;3,50;6,00;4,25;6,75
ID6851;H-2024;1;26;1;INTJ;I;;N;;T;;J;;;;4;6;6;1;5;4;6;6;6;5;5;7;7;3;5;6;7;6;2;7;19;22;26;25;2;8;4,75;5,50;6,50;6,25;2,00
ID7369;H-2024;0;24;3;ENTJ;E;;N;;T;;J;;;;6;6;6;5;4;5;7;6;5;3;5;5;5;5;5;6;6;5;6;3;22;15;24;22;3;19;5,50;3,75;6,00;5,50;4,75
ID6256;H-2024;1;19;1;INTJ;I;;N;;T;;J;;;;5;7;7;1;4;3;6;7;6;2;5;6;6;4;5;6;7;7;3;2;19;13;26;27;2;10;4,75;3,25;6,50;6,75;2,50
ID5155;H-2024;1;19;5;INFJ;I;;N;;F;;J;;;;3;3;5;5;4;3;5;6;5;3;4;4;6;5;3;4;6;6;5;1;14;11;18;23;3;18;3,50;2,75;4,50;5,75;4,50
ID6902;H-2024;0;19;5;INFJ;I;;N;;F;;J;;;;6;4;7;3;6;5;5;6;4;6;6;5;5;2;5;5;6;5;4;6;22;23;20;23;4;13;5,50;5,75;5,00;5,75;3,25
ID4569;H-2024;0;20;7;ENFJ;E;;N;;F;;J;;;;5;6;7;2;5;6;4;5;4;5;4;6;6;4;6;6;6;6;2;2;21;18;22;24;4;12;5,25;4,50;5,50;6,00;3,00
ID5546;H-2024;0;29;10;ISFJ;I;;S;;F;;J;;;;5;5;6;1;4;2;6;7;3;7;6;4;5;6;2;7;7;6;3;7;20;20;22;24;5;15;5,00;5,00;5,50;6,00;3,75
ID4951;H-2024;0;34;5;INFJ;I;;N;;F;;J;;;;6;7;6;1;4;6;5;7;5;2;5;7;6;4;5;7;6;7;4;7;24;18;25;26;3;12;6,00;4,50;6,25;6,50;3,00
ID6296;H-2024;0;20;16;ESFP;E;;S;;F;;P;;;;6;7;6;1;4;7;7;7;7;3;7;7;5;1;3;7;7;4;1;4;27;14;28;22;1;4;6,75;3,50;7,00;5,50;1,00
ID5389;H-2024;1;25;3;ENTJ;E;;N;;T;;J;;;;5;6;7;3;5;5;6;4;4;3;7;6;5;5;6;6;6;6;3;7;23;21;24;22;4;15;5,75;5,25;6,00;5,50;3,75
ID6713;H-2024;1;26;3;ENTJ;E;;N;;T;;J;;;;7;5;6;1;6;6;5;6;7;3;7;4;7;1;6;7;7;6;1;1;27;16;21;25;1;4;6,75;4,00;5,25;6,25;1,00
ID5667;H-2024;0;20;9;ISTJ;I;;S;;T;;J;;;;5;3;6;4;2;4;6;6;1;1;4;5;5;7;3;6;7;6;7;3;19;9;21;23;7;25;4,75;2,25;5,25;5,75;6,25
ID4595;H-2024;0;20;5;INFJ;I;;N;;F;;J;;;;4;5;7;3;6;3;6;4;3;4;3;5;5;6;5;3;6;5;6;5;13;20;22;21;5;20;3,25;5,00;5,50;5,25;5,00
ID4434;H-2024;0;24;1;INTJ;I;;N;;T;;J;;;;7;4;5;2;4;4;3;5;6;6;5;6;7;5;7;3;6;3;5;1;19;18;19;20;2;14;4,75;4,50;4,75;5,00;3,50
ID6805;H-2024;0;21;12;ESFJ;E;;S;;F;;J;;;;4;7;7;1;5;5;7;7;4;4;4;7;7;4;4;6;7;5;4;4;19;17;28;26;4;13;4,75;4,25;7,00;6,50;3,25
ID4760;H-2024;0;19;7;ENFJ;E;;N;;F;;J;;;;5;4;6;3;4;4;3;5;3;6;4;4;4;7;4;4;4;3;7;7;17;21;15;18;5;22;4,25;5,25;3,75;4,50;5,50
ID7290;H-2024;0;23;7;ENFJ;E;;N;;F;;J;;;;6;7;5;2;5;7;6;4;6;6;7;1;6;6;4;7;7;1;1;1;27;16;21;16;2;11;6,75;4,00;5,25;4,00;2,75
ID5751;H-2024;0;24;12;ESFJ;E;;S;;F;;J;;;;5;7;7;1;4;5;6;7;5;5;5;5;6;5;6;3;7;6;5;5;18;20;25;26;3;14;4,50;5,00;6,25;6,50;3,50
ID7580;H-2024;1;20;1;INTJ;I;;N;;T;;J;;;;5;5;7;1;4;6;6;7;6;5;4;6;6;3;5;6;7;6;4;2;21;16;24;26;2;10;5,25;4,00;6,00;6,50;2,50
ID6324;H-2024;1;20;7;ENFJ;E;;N;;F;;J;;;;6;7;7;1;5;6;7;6;6;6;7;7;4;2;5;7;7;7;1;7;26;23;28;24;2;6;6,50;5,75;7,00;6,00;1,50
ID4169;H-2024;1;18;1;INTJ;I;;N;;T;;J;;;;5;6;5;1;4;4;1;3;4;3;5;7;5;2;3;5;7;2;4;3;19;13;21;15;4;11;4,75;3,25;5,25;3,75;2,75
ID5983;H-2024;0;37;7;ENFJ;E;;N;;F;;J;;;;4;4;7;5;5;3;6;7;6;6;5;5;6;6;6;5;7;6;4;2;17;19;22;26;2;17;4,25;4,75;5,50;6,50;4,25
ID5095;H-2024;0;27;12;ESFJ;E;;S;;F;;J;;;;6;6;3;1;6;3;7;7;3;4;6;5;7;7;5;4;7;6;4;3;19;18;25;23;5;17;4,75;4,50;6,25;5,75;4,25
ID4573;H-2024;1;19;12;ESFJ;E;;S;;F;;J;;;;6;6;7;1;7;5;7;7;7;5;7;7;7;3;6;7;7;6;4;1;25;19;27;27;1;9;6,25;4,75;6,75;6,75;2,25
ID5971;H-2024;0;19;10;ISFJ;I;;S;;F;;J;;;;4;7;7;1;3;2;7;6;5;2;4;7;7;5;2;5;7;5;6;1;15;8;28;25;3;15;3,75;2,00;7,00;6,25;3,75
ID4326;H-2024;1;19;3;ENTJ;E;;N;;T;;J;;;;4;6;5;1;3;5;6;6;3;2;5;5;6;5;2;7;6;4;5;2;21;9;23;21;5;16;5,25;2,25;5,75;5,25;4,00
ID6533;H-2024;1;19;16;ESFP;E;;S;;F;;P;;;;5;5;5;1;5;4;7;5;3;1;3;5;5;4;6;5;6;3;3;7;17;19;23;18;5;13;4,25;4,75;5,75;4,50;3,25
ID5691;H-2024;1;25;7;ENFJ;E;;N;;F;;J;;;;6;4;6;2;5;4;6;2;6;7;6;3;6;4;5;3;6;5;6;7;19;24;19;19;2;14;4,75;6,00;4,75;4,75;3,50
ID6508;H-2024;1;23;7;ENFJ;E;;N;;F;;J;;;;4;6;7;2;7;3;7;4;7;4;3;7;6;4;7;4;7;5;6;6;14;24;27;22;1;13;3,50;6,00;6,75;5,50;3,25
ID4840;H-2024;1;21;7;ENFJ;E;;N;;F;;J;;;;5;7;6;1;5;6;6;7;6;6;6;7;6;3;7;5;6;3;3;1;22;19;26;22;2;9;5,50;4,75;6,50;5,50;2,25
ID7959;H-2024;0;20;7;ENFJ;E;;N;;F;;J;;;;5;7;7;1;5;7;6;7;4;3;7;7;7;4;3;7;7;7;4;6;26;17;27;28;4;13;6,50;4,25;6,75;7,00;3,25
ID6108;H-2024;0;19;14;ISFP;I;;S;;F;;P;;;;4;6;6;1;3;3;6;4;3;3;4;7;6;4;4;4;7;4;4;2;15;12;26;20;5;14;3,75;3,00;6,50;5,00;3,50
ID6497;H-2024;0;22;3;ENTJ;E;;N;;T;;J;;;;3;5;7;5;7;3;7;5;4;1;4;5;6;7;7;3;7;6;6;1;13;16;24;24;4;22;3,25;4,00;6,00;6,00;5,50
ID4548;H-2024;0;20;16;ESFP;E;;S;;F;;P;;;;4;7;7;1;5;4;6;4;7;3;5;5;3;5;4;6;7;3;5;6;19;18;25;17;1;12;4,75;4,50;6,25;4,25;3,00
ID5911;H-2024;0;20;3;ENTJ;E;;N;;T;;J;;;;6;4;7;4;6;6;5;4;4;7;6;5;7;7;7;6;7;6;5;7;24;27;21;24;4;20;6,00;6,75;5,25;6,00;5,00
ID7091;H-2024;1;19;12;ESFJ;E;;S;;F;;J;;;;6;6;7;1;4;7;7;7;7;3;6;7;7;2;6;7;7;7;1;2;26;15;27;28;1;5;6,50;3,75;6,75;7,00;1,25
ID7721;H-2024;1;20;7;ENFJ;E;;N;;F;;J;;;;7;7;6;2;6;7;7;7;5;4;7;6;6;4;5;5;7;5;4;7;26;22;27;24;3;13;6,50;5,50;6,75;6,00;3,25
ID6686;H-2024;0;20;8;ENFP;E;;N;;F;;P;;;;4;3;5;3;5;4;5;4;5;6;5;5;2;4;5;5;5;4;3;5;18;21;18;15;3;13;4,50;5,25;4,50;3,75;3,25
ID7742;H-2024;1;26;5;INFJ;I;;N;;F;;J;;;;6;3;7;2;6;6;6;7;4;6;5;3;7;6;6;5;6;3;3;6;22;24;18;24;4;15;5,50;6,00;4,50;6,00;3,75
ID4319;H-2024;0;23;5;INFJ;I;;N;;F;;J;;;;4;4;6;2;5;2;6;6;5;5;3;6;6;5;7;4;6;6;5;7;13;24;22;24;3;15;3,25;6,00;5,50;6,00;3,75
ID4442;H-2024;1;24;3;ENTJ;E;;N;;T;;J;;;;5;5;4;3;6;5;7;2;6;2;6;7;4;1;7;7;7;6;4;1;23;16;26;16;2;10;5,75;4,00;6,50;4,00;2,50
ID7546;H-2024;0;22;7;ENFJ;E;;N;;F;;J;;;;6;7;7;1;5;6;7;7;5;4;6;7;6;5;6;7;7;4;4;4;25;19;28;24;3;13;6,25;4,75;7,00;6,00;3,25
ID4938;H-2025;1;23;4;ENTP;E;;N;;T;;P;;;;5;6;6;1;7;6;6;4;7;7;6;7;5;5;7;7;7;6;2;2;24;23;26;21;1;9;6,00;5,75;6,50;5,25;2,25
ID7880;H-2025;1;24;3;ENTJ;E;;N;;T;;J;;;;5;4;6;6;7;5;7;6;7;7;6;5;6;1;7;4;7;3;1;7;20;28;23;21;1;9;5,00;7,00;5,75;5,25;2,25
ID6694;H-2025;0;20;7;ENFJ;E;;N;;F;;J;;;;7;7;7;4;5;7;7;7;5;7;7;6;7;5;4;6;7;6;4;6;27;22;27;27;3;16;6,75;5,50;6,75;6,75;4,00
ID5289;H-2025;1;19;8;ENFP;E;;N;;F;;P;;;;6;4;6;3;5;5;6;3;3;5;5;6;3;5;6;4;7;3;5;6;20;22;23;15;5;18;5,00;5,50;5,75;3,75;4,50
ID6475;H-2025;1;20;3;ENTJ;E;;N;;T;;J;;;;5;7;7;1;7;6;7;7;5;5;5;7;7;4;7;7;7;6;2;7;23;26;28;27;3;10;5,75;6,50;7,00;6,75;2,50
ID7887;H-2025;1;20;9;ISTJ;I;;S;;T;;J;;;;1;1;7;4;5;1;3;7;6;3;1;2;7;6;5;2;5;5;3;5;5;18;11;26;2;15;1,25;4,50;2,75;6,50;3,75
ID7321;H-2025;1;23;9;ISTJ;I;;S;;T;;J;;;;6;6;7;2;4;4;6;7;6;4;5;5;6;6;5;4;7;5;5;3;19;16;24;25;2;15;4,75;4,00;6,00;6,25;3,75
ID8002;H-2025;0;27;7;ENFJ;E;;N;;F;;J;;;;5;4;5;3;5;5;5;5;7;5;5;5;5;5;5;5;7;3;3;6;20;21;21;18;1;12;5,00;5,25;5,25;4,50;3,00
ID4040;H-2025;0;19;11;ESTJ;E;;S;;T;;J;;;;7;7;7;1;6;5;7;7;4;4;6;7;7;1;5;6;7;6;3;3;24;18;28;27;4;9;6,00;4,50;7,00;6,75;2,25
ID7613;H-2025;0;23;6;INFP;I;;N;;F;;P;;;;2;2;6;7;6;1;6;3;3;5;2;7;6;7;6;1;7;3;7;7;6;24;22;18;5;26;1,50;6,00;5,50;4,50;6,50
ID7569;H-2025;0;27;5;INFJ;I;;N;;F;;J;;;;3;6;6;1;5;1;6;6;7;3;4;6;5;1;6;6;7;7;5;3;14;17;25;24;1;8;3,50;4,25;6,25;6,00;2,00
ID4877;H-2025;1;22;3;ENTJ;E;;N;;T;;J;;;;6;6;6;1;5;7;2;7;6;4;6;4;5;3;4;7;6;4;2;5;26;18;18;22;2;8;6,50;4,50;4,50;5,50;2,00
ID6448;H-2025;0;23;1;INTJ;I;;N;;T;;J;;;;6;6;7;1;4;7;6;5;5;5;6;6;7;4;5;7;6;6;2;4;26;18;24;25;3;10;6,50;4,50;6,00;6,25;2,50
ID5474;H-2025;0;20;12;ESFJ;E;;S;;F;;J;;;;5;5;6;1;4;4;4;6;3;3;6;6;6;5;3;4;7;5;4;2;19;12;22;23;5;15;4,75;3,00;5,50;5,75;3,75
ID4806;H-2025;0;19;3;ENTJ;E;;N;;T;;J;;;;3;5;6;1;4;4;7;5;6;5;5;6;7;5;5;6;7;4;4;4;18;18;25;22;2;12;4,50;4,50;6,25;5,50;3,00
ID7672;H-2025;0;21;9;ISTJ;I;;S;;T;;J;;;;4;6;6;2;3;2;6;6;6;3;4;7;7;5;3;5;6;6;5;3;15;12;25;25;2;14;3,75;3,00;6,25;6,25;3,50
ID4670;H-2025;0;19;14;ISFP;I;;S;;F;;P;;;;5;5;6;1;4;4;6;7;7;4;6;7;4;5;4;6;5;6;4;5;21;17;23;23;1;11;5,25;4,25;5,75;5,75;2,75
ID7435;H-2025;1;20;9;ISTJ;I;;S;;T;;J;;;;5;6;7;1;4;4;6;7;5;2;4;6;7;6;3;4;7;6;2;2;17;11;25;27;3;12;4,25;2,75;6,25;6,75;3,00
ID4838;H-2025;0;22;12;ESFJ;E;;S;;F;;J;;;;5;5;6;1;4;6;6;5;4;1;6;7;7;2;3;7;7;5;4;1;24;9;25;23;4;11;6,00;2,25;6,25;5,75;2,75
ID4478;H-2025;0;25;7;ENFJ;E;;N;;F;;J;;;;5;6;7;1;5;3;6;7;4;4;5;7;7;3;4;7;7;7;5;6;20;19;26;28;4;13;5,00;4,75;6,50;7,00;3,25
ID5427;H-2025;1;21;12;ESFJ;E;;S;;F;;J;;;;5;4;7;2;4;6;6;6;3;6;5;7;7;5;4;6;6;4;5;5;22;19;23;24;5;17;5,50;4,75;5,75;6,00;4,25
ID5399;H-2025;0;25;8;ENFP;E;;N;;F;;P;;;;5;5;5;4;6;3;5;2;5;5;4;6;6;5;6;2;6;5;4;7;14;24;22;18;3;16;3,50;6,00;5,50;4,50;4,00
ID7407;H-2025;0;23;8;ENFP;E;;N;;F;;P;;;;7;5;7;1;7;7;5;3;7;7;7;3;7;3;7;7;7;2;5;7;28;28;20;19;1;10;7,00;7,00;5,00;4,75;2,50
ID6037;H-2025;0;19;1;INTJ;I;;N;;T;;J;;;;6;6;7;1;5;5;5;7;7;7;5;6;6;5;6;7;7;6;3;6;23;24;24;26;1;10;5,75;6,00;6,00;6,50;2,50
ID4598;H-2025;1;19;1;INTJ;I;;N;;T;;J;;;;5;7;7;1;6;5;7;6;3;5;5;1;7;6;5;5;7;7;6;6;20;22;22;27;5;18;5,00;5,50;5,50;6,75;4,50
ID7214;H-2025;0;20;7;ENFJ;E;;N;;F;;J;;;;7;7;7;1;4;7;3;7;4;4;7;3;6;5;6;7;6;4;5;6;28;20;19;24;4;15;7,00;5,00;4,75;6,00;3,75
ID8004;H-2025;1;40;2;INTP;I;;N;;T;;P;;;;2;3;6;1;5;1;6;3;7;2;2;7;5;2;4;4;7;7;5;5;9;16;23;21;1;9;2,25;4,00;5,75;5,25;2,25
ID7475;H-2025;1;20;12;ESFJ;E;;S;;F;;J;;;;5;6;5;2;4;4;6;6;5;2;5;6;6;6;2;7;7;5;5;1;21;9;25;22;3;16;5,25;2,25;6,25;5,50;4,00
ID6707;H-2025;0;19;7;ENFJ;E;;N;;F;;J;;;;6;6;6;1;6;4;5;6;5;7;6;4;7;3;7;7;7;4;1;6;23;26;22;23;3;8;5,75;6,50;5,50;5,75;2,00
ID6119;H-2025;0;24;7;ENFJ;E;;N;;F;;J;;;;5;7;5;1;5;6;5;6;5;5;7;7;5;3;2;6;7;6;3;3;24;15;26;22;3;10;6,00;3,75;6,50;5,50;2,50
ID6505;H-2025;0;24;7;ENFJ;E;;N;;F;;J;;;;7;7;7;1;4;7;6;6;4;6;7;6;7;5;5;7;7;3;6;2;28;17;26;23;4;16;7,00;4,25;6,50;5,75;4,00
ID4891;H-2025;0;20;5;INFJ;I;;N;;F;;J;;;;4;6;7;4;6;3;6;7;2;5;5;6;6;6;5;4;7;5;6;6;16;22;25;25;6;22;4,00;5,50;6,25;6,25;5,50
ID5212;H-2025;1;23;3;ENTJ;E;;N;;T;;J;;;;6;3;7;4;7;4;5;6;6;7;6;3;7;3;7;6;7;1;5;5;22;26;18;21;2;14;5,50;6,50;4,50;5,25;3,50
ID5456;H-2025;1;27;1;INTJ;I;;N;;T;;J;;;;5;5;7;3;5;5;6;7;4;5;5;5;6;6;7;5;7;4;5;5;20;22;23;24;4;18;5,00;5,50;5,75;6,00;4,50
ID5915;H-2025;1;19;3;ENTJ;E;;N;;T;;J;;;;7;3;7;3;5;4;7;4;4;5;5;5;7;3;6;5;7;5;4;6;21;22;22;23;4;14;5,25;5,50;5,50;5,75;3,50
ID4488;H-2025;1;19;7;ENFJ;E;;N;;F;;J;;;;6;7;6;1;7;6;7;7;7;7;7;7;7;1;7;7;7;7;1;7;26;28;28;27;1;4;6,50;7,00;7,00;6,75;1,00
ID7610;H-2025;1;19;3;ENTJ;E;;N;;T;;J;;;;5;7;6;1;5;3;6;6;7;5;6;6;7;3;6;7;7;5;3;4;21;20;26;24;1;8;5,25;5,00;6,50;6,00;2,00
ID4912;H-2025;0;19;7;ENFJ;E;;N;;F;;J;;;;7;7;6;1;5;7;7;6;4;7;7;7;7;3;5;7;7;6;4;7;28;24;28;25;4;12;7,00;6,00;7,00;6,25;3,00
ID7606;H-2025;0;25;16;ESFP;E;;S;;F;;P;;;;7;7;7;2;5;7;7;6;7;6;7;6;5;4;5;7;7;3;3;4;28;20;27;21;1;10;7,00;5,00;6,75;5,25;2,50
ID4215;H-2025;0;23;3;ENTJ;E;;N;;T;;J;;;;7;6;6;1;7;7;2;7;6;7;7;6;7;4;7;7;7;3;4;7;28;28;21;23;2;11;7,00;7,00;5,25;5,75;2,75
ID4540;H-2025;0;19;1;INTJ;I;;N;;T;;J;;;;5;2;5;5;6;2;7;4;6;6;5;4;5;6;7;3;7;4;4;5;15;24;20;18;2;17;3,75;6,00;5,00;4,50;4,25
ID4613;H-2025;1;24;3;ENTJ;E;;N;;T;;J;;;;5;6;7;1;5;4;7;4;4;7;4;7;5;5;7;5;7;6;4;6;18;25;27;22;4;14;4,50;6,25;6,75;5,50;3,50
ID7824;H-2025;1;19;3;ENTJ;E;;N;;T;;J;;;;4;5;6;1;5;4;4;6;6;5;5;6;6;3;5;7;6;7;2;2;20;17;21;25;2;8;5,00;4,25;5,25;6,25;2,00
ID6965;H-2025;0;24;8;ENFP;E;;N;;F;;P;;;;5;6;7;1;6;5;6;2;4;6;6;7;5;7;6;4;7;6;5;7;20;25;26;20;4;17;5,00;6,25;6,50;5,00;4,25
ID6985;H-2025;0;27;1;INTJ;I;;N;;T;;J;;;;4;5;7;4;5;3;6;7;4;4;1;6;7;3;5;3;7;6;3;7;11;21;24;27;4;14;2,75;5,25;6,00;6,75;3,50
ID4931;H-2025;0;20;10;ISFJ;I;;S;;F;;J;;;;4;6;7;1;4;3;6;7;3;3;4;7;6;5;3;6;7;7;6;4;17;14;26;27;5;17;4,25;3,50;6,50;6,75;4,25
ID6344;H-2025;0;33;5;INFJ;I;;N;;F;;J;;;;4;4;5;1;4;5;7;7;7;2;2;5;6;4;3;4;6;6;4;2;15;11;22;24;1;10;3,75;2,75;5,50;6,00;2,50
ID5859;H-2025;0;24;12;ESFJ;E;;S;;F;;J;;;;6;6;7;1;5;5;6;7;5;4;6;6;6;4;5;7;7;5;6;6;24;20;25;25;3;14;6,00;5,00;6,25;6,25;3,50
ID4328;H-2025;0;20;8;ENFP;E;;N;;F;;P;;;;4;7;5;1;4;6;7;4;5;5;5;7;6;2;5;7;7;7;2;5;22;19;28;22;3;8;5,50;4,75;7,00;5,50;2,00
ID5171;H-2025;0;21;5;INFJ;I;;N;;F;;J;;;;6;4;6;3;4;3;5;6;5;5;6;4;6;6;4;4;6;2;4;4;19;17;19;20;3;16;4,75;4,25;4,75;5,00;4,00
ID5725;H-2025;0;24;5;INFJ;I;;N;;F;;J;;;;4;6;6;3;6;4;6;7;4;7;5;6;7;5;7;3;7;6;7;5;16;25;25;26;4;19;4,00;6,25;6,25;6,50;4,75
ID6937;H-2025;0;20;7;ENFJ;E;;N;;F;;J;;;;6;5;7;1;4;5;5;6;5;4;6;4;5;4;7;6;7;6;4;2;23;17;21;24;3;12;5,75;4,25;5,25;6,00;3,00
ID7780;H-2025;1;20;12;ESFJ;E;;S;;F;;J;;;;6;6;6;1;5;5;6;6;7;5;6;5;6;6;5;6;6;4;5;4;23;19;23;22;1;13;5,75;4,75;5,75;5,50;3,25
ID5912;H-2025;0;19;8;ENFP;E;;N;;F;;P;;;;4;5;6;3;6;2;7;1;6;7;5;7;7;6;7;5;7;7;6;7;16;27;26;21;2;17;4,00;6,75;6,50;5,25;4,25
ID5108;H-2025;0;19;6;INFP;I;;N;;F;;P;;;;2;6;6;1;3;1;4;3;2;3;2;5;5;7;5;3;7;5;7;3;8;14;22;19;6;21;2,00;3,50;5,50;4,75;5,25
ID7155;H-2025;0;20;12;ESFJ;E;;S;;F;;J;;;;5;3;5;3;5;5;5;5;4;4;5;5;7;3;4;5;6;5;4;2;20;15;19;22;4;14;5,00;3,75;4,75;5,50;3,50
ID4250;H-2025;0;19;7;ENFJ;E;;N;;F;;J;;;;3;6;7;1;7;6;7;7;6;5;5;7;7;6;6;5;7;7;4;3;19;21;27;28;2;13;4,75;5,25;6,75;7,00;3,25
ID5991;H-2025;0;23;5;INFJ;I;;N;;F;;J;;;;6;6;7;4;6;6;7;6;4;7;4;7;7;7;4;6;7;7;5;7;22;24;27;27;4;20;5,50;6,00;6,75;6,75;5,00
ID4529;H-2025;0;42;15;ESTP;E;;S;;T;;P;;;;4;4;7;2;5;2;7;4;4;4;4;6;7;5;6;4;4;4;5;4;14;19;21;22;4;16;3,50;4,75;5,25;5,50;4,00
ID4281;H-2025;1;20;5;INFJ;I;;N;;F;;J;;;;2;7;7;2;7;1;4;7;6;6;3;7;6;6;4;3;7;6;5;7;9;24;25;26;2;15;2,25;6,00;6,25;6,50;3,75
ID7747;H-2025;0;19;9;ISTJ;I;;S;;T;;J;;;;5;4;7;1;4;5;6;6;5;5;4;7;4;3;5;5;7;7;2;7;19;21;24;24;3;9;4,75;5,25;6,00;6,00;2,25
ID8003;H-2025;1;19;1;INTJ;I;;N;;T;;J;;;;4;5;6;1;5;1;6;4;6;7;5;5;5;6;5;1;6;6;5;3;11;20;22;21;2;14;2,75;5,00;5,50;5,25;3,50
ID8001;H-2025;1;20;3;ENTJ;E;;N;;T;;J;;;;2;4;6;1;5;3;5;6;6;4;3;7;5;3;5;5;7;6;2;3;13;17;23;23;2;8;3,25;4,25;5,75;5,75;2,00
ID6735;H-2025;0;19;8;ENFP;E;;N;;F;;P;;;;6;6;5;2;5;5;4;3;5;5;6;6;3;4;7;7;6;3;3;7;24;24;22;14;3;12;6,00;6,00;5,50;3,50;3,00
ID6479;H-2025;1;19;11;ESTJ;E;;S;;T;;J;;;;3;7;6;1;5;5;7;7;7;5;6;7;5;2;4;7;7;6;3;6;21;20;28;24;1;7;5,25;5,00;7,00;6,00;1,75
ID7102;H-2025;0;20;7;ENFJ;E;;N;;F;;J;;;;6;5;6;1;4;5;5;5;5;6;5;5;5;2;6;6;5;5;3;4;22;20;20;21;3;9;5,50;5,00;5,00;5,25;2,25
ID6058;H-2025;1;23;13;ISTP;I;;S;;T;;P;;;;5;5;4;2;4;4;5;5;6;2;5;6;5;6;5;6;6;5;5;6;20;17;22;19;2;15;5,00;4,25;5,50;4,75;3,75
ID7924;H-2025;0;20;10;ISFJ;I;;S;;F;;J;;;;4;6;6;2;5;3;6;5;5;4;4;6;5;4;4;4;6;6;6;5;15;18;24;22;3;15;3,75;4,50;6,00;5,50;3,75
ID5465;H-2025;1;21;3;ENTJ;E;;N;;T;;J;;;;7;6;6;1;5;6;6;5;5;3;7;6;5;3;4;7;6;5;3;6;27;18;24;21;3;10;6,75;4,50;6,00;5,25;2,50
ID7935;H-2025;0;19;5;INFJ;I;;N;;F;;J;;;;6;5;7;3;5;4;6;5;3;7;4;5;5;6;6;6;6;7;6;7;20;25;22;24;5;20;5,00;6,25;5,50;6,00;5,00
ID7417;H-2025;0;22;7;ENFJ;E;;N;;F;;J;;;;5;6;7;2;6;6;5;6;4;6;5;6;6;2;4;5;6;4;2;1;21;17;23;23;4;10;5,25;4,25;5,75;5,75;2,50
ID5616;H-2025;0;19;5;INFJ;I;;N;;F;;J;;;;2;4;7;5;6;2;7;6;7;7;2;7;4;7;4;5;7;6;5;5;11;22;25;23;1;18;2,75;5,50;6,25;5,75;4,50
ID4585;H-2025;1;23;7;ENFJ;E;;N;;F;;J;;;;5;4;6;4;5;3;7;3;3;4;5;6;3;5;5;3;7;4;7;5;16;19;24;16;5;21;4,00;4,75;6,00;4,00;5,25
ID7084;H-2025;0;19;5;INFJ;I;;N;;F;;J;;;;4;4;6;3;4;2;6;4;3;5;2;6;5;6;5;2;7;5;5;5;10;19;23;20;5;19;2,50;4,75;5,75;5,00;4,75
ID4293;H-2025;0;19;3;ENTJ;E;;N;;T;;J;;;;7;6;7;1;5;7;7;6;6;5;6;7;7;5;5;6;7;7;3;4;26;19;27;27;2;11;6,50;4,75;6,75;6,75;2,75
ID6897;H-2025;0;19;12;ESFJ;E;;S;;F;;J;;;;6;6;6;2;4;3;7;6;2;4;5;6;7;4;2;5;7;5;7;4;19;14;26;24;6;19;4,75;3,50;6,50;6,00;4,75
ID7779;H-2025;0;24;6;INFP;I;;N;;F;;P;;;;4;5;5;3;5;5;5;2;5;5;4;5;3;3;5;5;6;5;3;7;18;22;21;15;3;12;4,50;5,50;5,25;3,75;3,00
ID4303;H-2025;0;18;3;ENTJ;E;;N;;T;;J;;;;6;6;7;1;5;6;6;7;5;7;6;5;7;7;7;5;7;7;7;7;23;26;24;28;3;18;5,75;6,50;6,00;7,00;4,50
ID7750;H-2025;0;24;6;INFP;I;;N;;F;;P;;;;3;2;6;3;5;5;6;4;3;5;4;7;6;3;6;1;7;7;5;6;13;22;22;23;5;16;3,25;5,50;5,50;5,75;4,00
ID7422;H-2025;0;23;12;ESFJ;E;;S;;F;;J;;;;5;7;6;1;4;6;6;7;5;3;6;7;6;2;3;7;7;7;2;5;24;15;27;26;3;8;6,00;3,75;6,75;6,50;2,00
ID7219;H-2025;0;23;3;ENTJ;E;;N;;T;;J;;;;6;7;7;1;5;6;6;7;6;5;7;7;7;1;5;7;7;5;3;3;26;18;27;26;2;7;6,50;4,50;6,75;6,50;1,75
ID7730;H-2025;1;19;8;ENFP;E;;N;;F;;P;;;;4;6;7;1;6;4;7;6;7;6;4;6;5;1;6;4;7;6;2;3;16;21;26;24;1;5;4,00;5,25;6,50;6,00;1,25
ID5943;H-2025;0;19;8;ENFP;E;;N;;F;;P;;;;5;7;6;1;6;6;7;2;3;5;6;7;3;5;6;6;7;4;5;7;23;24;28;15;5;16;5,75;6,00;7,00;3,75;4,00
ID4107;H-2025;0;22;1;INTJ;I;;N;;T;;J;;;;4;6;6;2;4;4;5;4;3;5;4;6;6;6;4;4;6;6;6;5;16;18;23;22;5;19;4,00;4,50;5,75;5,50;4,75
ID6800;H-2025;0;21;5;INFJ;I;;N;;F;;J;;;;4;7;7;1;4;5;7;6;4;2;4;7;7;2;3;7;7;5;3;2;20;11;28;25;4;10;5,00;2,75;7,00;6,25;2,50
ID6591;H-2025;0;19;7;ENFJ;E;;N;;F;;J;;;;5;6;7;1;4;4;6;6;5;5;5;7;7;3;4;5;7;5;3;5;19;18;26;25;3;10;4,75;4,50;6,50;6,25;2,50
ID5542;H-2025;0;19;7;ENFJ;E;;N;;F;;J;;;;7;7;7;1;7;6;7;7;7;7;7;7;7;1;2;7;7;7;2;3;27;19;28;28;1;5;6,75;4,75;7,00;7,00;1,25
ID4775;H-2025;1;19;11;ESTJ;E;;S;;T;;J;;;;4;3;7;1;6;5;7;5;7;4;5;6;7;3;4;4;7;2;1;4;18;18;23;21;1;6;4,50;4,50;5,75;5,25;1,50
ID5864;H-2025;1;21;3;ENTJ;E;;N;;T;;J;;;;3;4;6;3;5;3;6;4;4;6;4;5;6;6;6;4;6;5;5;3;14;20;21;21;4;18;3,50;5,00;5,25;5,25;4,50
ID7076;H-2025;0;20;7;ENFJ;E;;N;;F;;J;;;;6;7;6;1;4;6;6;6;4;3;6;6;5;5;3;6;6;4;2;3;24;13;25;21;4;12;6,00;3,25;6,25;5,25;3,00
ID6091;H-2025;1;24;4;ENTP;E;;N;;T;;P;;;;6;6;6;1;4;6;5;4;5;2;6;7;6;3;6;6;7;5;2;4;24;16;25;21;3;9;6,00;4,00;6,25;5,25;2,25
ID6237;H-2025;0;18;7;ENFJ;E;;N;;F;;J;;;;4;7;6;1;5;3;7;6;5;5;4;7;6;6;5;4;7;7;5;4;15;19;28;25;3;15;3,75;4,75;7,00;6,25;3,75
ID4911;H-2025;0;19;12;ESFJ;E;;S;;F;;J;;;;4;4;6;1;1;4;7;4;5;5;4;7;6;2;1;4;6;2;5;1;16;8;24;18;3;11;4,00;2,00;6,00;4,50;2,75
ID5937;H-2025;0;19;3;ENTJ;E;;N;;T;;J;;;;6;7;7;1;6;6;6;6;6;5;6;7;5;6;7;7;7;4;4;7;25;25;27;22;2;13;6,25;6,25;6,75;5,50;3,25
ID4171;H-2025;1;42;1;INTJ;I;;N;;T;;J;;;;3;6;7;4;7;2;7;1;4;6;3;7;5;6;6;3;7;4;5;5;11;24;27;17;4;19;2,75;6,00;6,75;4,25;4,75
ID4039;H-2025;0;18;7;ENFJ;E;;N;;F;;J;;;;4;5;5;3;2;4;4;5;3;3;4;3;3;5;3;4;5;4;5;3;16;11;17;17;5;18;4,00;2,75;4,25;4,25;4,50
ID4810;H-2025;1;20;12;ESFJ;E;;S;;F;;J;;;;6;6;6;5;6;6;6;6;4;4;6;6;5;7;6;6;7;6;6;6;24;22;25;23;4;22;6,00;5,50;6,25;5,75;5,50
ID4216;H-2025;0;18;9;ISTJ;I;;S;;T;;J;;;;5;3;7;1;4;3;6;4;7;5;6;7;7;5;3;4;6;6;2;2;18;14;22;24;1;9;4,50;3,50;5,50;6,00;2,25
ID5771;H-2025;0;20;9;ISTJ;I;;S;;T;;J;;;;4;6;7;1;4;5;6;7;4;1;4;7;4;4;3;6;7;6;3;4;19;12;26;24;4;12;4,75;3,00;6,50;6,00;3,00
ID5315;H-2025;1;21;11;ESTJ;E;;S;;T;;J;;;;5;6;5;1;5;5;5;6;6;4;5;3;5;2;4;6;5;6;4;2;21;15;19;22;2;9;5,25;3,75;4,75;5,50;2,25
ID6106;H-2025;0;21;5;INFJ;I;;N;;F;;J;;;;2;3;6;2;4;1;6;7;4;5;1;7;6;5;6;3;6;6;3;7;7;22;22;25;4;14;1,75;5,50;5,50;6,25;3,50
ID5938;H-2025;0;19;1;INTJ;I;;N;;T;;J;;;;4;6;7;1;4;3;6;7;3;5;4;6;6;4;6;4;7;5;6;6;15;21;25;25;5;16;3,75;5,25;6,25;6,25;4,00
ID6443;H-2025;0;22;8;ENFP;E;;N;;F;;P;;;;6;7;6;1;5;6;5;6;7;5;7;6;5;1;6;6;7;3;2;6;25;22;25;20;1;5;6,25;5,50;6,25;5,00;1,25
ID5208;H-2025;1;18;3;ENTJ;E;;N;;T;;J;;;;7;7;7;1;7;7;7;7;5;4;7;7;6;1;4;7;7;6;1;4;28;19;28;26;3;6;7,00;4,75;7,00;6,50;1,50
ID6504;H-2025;1;19;7;ENFJ;E;;N;;F;;J;;;;6;7;6;1;6;4;6;6;3;5;7;6;4;1;3;7;7;7;2;1;24;15;26;23;5;9;6,00;3,75;6,50;5,75;2,25
ID5046;H-2025;0;25;7;ENFJ;E;;N;;F;;J;;;;6;7;7;1;6;3;7;6;6;6;6;7;6;5;6;5;7;6;5;5;20;23;28;25;2;13;5,00;5,75;7,00;6,25;3,25
ID7242;H-2025;0;23;12;ESFJ;E;;S;;F;;J;;;;7;7;5;2;5;7;6;6;3;5;7;7;5;4;3;7;6;6;4;7;28;20;26;22;5;15;7,00;5,00;6,50;5,50;3,75
ID7982;H-2025;0;27;7;ENFJ;E;;N;;F;;J;;;;6;7;7;2;5;5;7;5;6;5;7;7;6;4;5;7;7;5;3;6;25;21;28;23;2;11;6,25;5,25;7,00;5,75;2,75
ID4588;H-2025;0;19;12;ESFJ;E;;S;;F;;J;;;;5;6;5;1;4;5;6;6;4;3;5;7;5;2;4;7;6;6;4;4;22;15;25;22;4;11;5,50;3,75;6,25;5,50;2,75
ID7748;H-2025;0;22;11;ESTJ;E;;S;;T;;J;;;;5;3;6;3;4;5;5;7;4;3;5;6;6;5;3;4;6;6;4;2;19;12;20;25;4;16;4,75;3,00;5,00;6,25;4,00
ID5684;H-2025;1;30;7;ENFJ;E;;N;;F;;J;;;;5;7;7;1;6;6;6;1;6;3;4;7;7;2;3;7;7;6;4;6;22;18;27;21;2;9;5,50;4,50;6,75;5,25;2,25
ID4417;H-2025;0;19;3;ENTJ;E;;N;;T;;J;;;;7;5;7;5;7;4;7;7;7;7;7;7;7;5;7;5;7;7;1;1;23;22;26;28;1;12;5,75;5,50;6,50;7,00;3,00
ID6934;H-2025;0;31;16;ESFP;E;;S;;F;;P;;;;7;7;7;1;4;7;7;3;5;5;7;3;5;5;7;7;7;3;1;1;28;17;24;18;3;10;7,00;4,25;6,00;4,50;2,50
ID5094;H-2025;0;21;11;ESTJ;E;;S;;T;;J;;;;5;6;6;2;6;4;6;6;6;5;4;6;7;4;5;7;7;6;3;6;20;22;25;25;2;11;5,00;5,50;6,25;6,25;2,75
ID6107;H-2025;0;19;7;ENFJ;E;;N;;F;;J;;;;5;6;7;1;4;4;6;7;5;4;5;7;7;5;4;7;7;7;5;5;21;17;26;28;3;14;5,25;4,25;6,50;7,00;3,50
ID7715;V-2025;0;19;3;ENTJ;E;;N;;T;;J;;;;6;5;7;1;4;4;6;5;4;6;6;4;7;5;7;6;6;2;5;4;22;21;21;21;4;15;5,50;5,25;5,25;5,25;3,75
ID7556;V-2025;0;20;8;ENFP;E;;N;;F;;P;;;;5;6;6;2;4;6;5;5;5;2;5;6;5;4;3;6;6;5;4;2;22;11;23;21;3;13;5,50;2,75;5,75;5,25;3,25
ID6852;V-2025;1;20;3;ENTJ;E;;N;;T;;J;;;;4;5;6;2;4;3;5;5;6;3;4;5;5;2;5;5;7;5;5;2;16;14;22;21;2;11;4,00;3,50;5,50;5,25;2,75
ID6251;V-2025;0;30;5;INFJ;I;;N;;F;;J;;;;6;3;6;2;3;3;5;4;4;3;5;5;6;6;5;4;6;6;7;6;18;17;19;22;4;19;4,50;4,25;4,75;5,50;4,75
ID7299;V-2025;0;23;2;INTP;I;;N;;T;;P;;;;7;7;6;1;5;7;5;4;6;7;7;6;5;3;7;7;7;6;1;7;28;26;25;21;2;7;7,00;6,50;6,25;5,25;1,75
ID6017;V-2025;0;20;12;ESFJ;E;;S;;F;;J;;;;7;6;7;3;4;6;7;6;3;1;5;7;6;5;2;5;7;4;5;3;23;10;27;23;5;18;5,75;2,50;6,75;5,75;4,50
ID5267;V-2025;1;20;11;ESTJ;E;;S;;T;;J;;;;6;6;6;1;5;5;5;2;4;4;6;5;7;6;5;4;5;5;5;5;21;19;21;20;4;16;5,25;4,75;5,25;5,00;4,00
ID6461;V-2025;0;19;6;INFP;I;;N;;F;;P;;;;3;4;6;2;4;3;5;4;4;5;2;6;5;4;5;3;7;6;6;7;11;21;22;21;4;16;2,75;5,25;5,50;5,25;4,00
ID4577;V-2025;0;19;5;INFJ;I;;N;;F;;J;;;;4;7;7;1;7;2;7;7;7;7;5;7;7;5;7;6;7;7;1;7;17;28;28;28;1;8;4,25;7,00;7,00;7,00;2,00
ID4542;V-2025;0;24;7;ENFJ;E;;N;;F;;J;;;;7;7;7;1;7;3;7;7;6;7;6;7;7;2;6;7;7;6;7;5;23;25;28;27;2;12;5,75;6,25;7,00;6,75;3,00
ID5977;V-2025;0;19;9;ISTJ;I;;S;;T;;J;;;;3;3;7;2;5;2;6;7;2;3;1;7;6;6;4;3;7;7;6;6;9;18;23;27;6;20;2,25;4,50;5,75;6,75;5,00
ID6524;V-2025;0;19;15;ESTP;E;;S;;T;;P;;;;7;7;5;2;6;7;6;3;6;6;7;7;5;3;5;7;7;4;1;7;28;24;27;17;2;8;7,00;6,00;6,75;4,25;2,00
ID4940;V-2025;1;19;15;ESTP;E;;S;;T;;P;;;;7;7;7;1;5;4;6;3;7;4;7;7;7;5;4;7;7;4;2;1;25;14;27;21;1;9;6,25;3,50;6,75;5,25;2,25
ID7027;V-2025;1;20;1;INTJ;I;;N;;T;;J;;;;1;6;7;1;6;2;7;6;7;6;1;7;6;2;7;7;7;7;2;1;11;20;27;26;1;6;2,75;5,00;6,75;6,50;1,50
ID4522;V-2025;0;20;7;ENFJ;E;;N;;F;;J;;;;7;7;7;1;7;7;7;7;6;6;6;7;7;2;6;7;7;7;1;6;27;25;28;28;2;6;6,75;6,25;7,00;7,00;1,50
ID4405;V-2025;1;25;5;INFJ;I;;N;;F;;J;;;;5;4;5;4;4;4;5;7;6;4;3;5;7;5;5;4;6;5;3;2;16;15;20;24;2;14;4,00;3,75;5,00;6,00;3,50
ID7469;V-2025;0;19;12;ESFJ;E;;S;;F;;J;;;;5;7;6;1;5;6;7;7;6;4;5;6;6;4;5;7;7;7;5;7;23;21;27;26;2;12;5,75;5,25;6,75;6,50;3,00
ID4716;V-2025;0;22;6;INFP;I;;N;;F;;P;;;;5;3;4;3;5;2;5;5;1;5;6;5;3;5;7;3;6;2;5;4;16;21;19;14;7;20;4,00;5,25;4,75;3,50;5,00
ID6655;V-2025;0;23;12;ESFJ;E;;S;;F;;J;;;;6;7;6;4;2;4;6;7;6;1;6;7;7;5;3;7;7;7;4;1;23;7;27;27;2;15;5,75;1,75;6,75;6,75;3,75
ID6849;V-2025;0;23;1;INTJ;I;;N;;T;;J;;;;6;3;6;3;4;4;3;7;6;6;5;5;6;6;5;3;6;6;7;7;18;22;17;25;2;18;4,50;5,50;4,25;6,25;4,50
ID6549;V-2025;0;20;7;ENFJ;E;;N;;F;;J;;;;6;7;7;1;4;5;7;5;4;6;6;7;5;5;5;7;7;7;5;7;24;22;28;24;4;15;6,00;5,50;7,00;6,00;3,75
ID4429;V-2025;0;20;1;INTJ;I;;N;;T;;J;;;;6;6;7;4;6;5;7;6;3;5;6;7;6;6;5;6;7;4;5;5;23;21;27;23;5;20;5,75;5,25;6,75;5,75;5,00
ID4778;V-2025;0;20;7;ENFJ;E;;N;;F;;J;;;;7;6;6;1;5;5;5;7;4;4;7;5;5;6;6;7;7;4;4;2;26;17;23;22;4;15;6,50;4,25;5,75;5,50;3,75
ID4982;V-2025;0;19;8;ENFP;E;;N;;F;;P;;;;5;5;5;1;5;4;6;5;6;7;6;5;4;1;5;5;7;3;5;7;20;24;23;17;2;9;5,00;6,00;5,75;4,25;2,25
ID4205;V-2025;0;42;5;INFJ;I;;N;;F;;J;;;;3;6;7;1;4;3;6;7;6;6;5;7;7;5;6;6;7;7;2;4;17;20;26;28;2;10;4,25;5,00;6,50;7,00;2,50
ID7547;V-2025;1;20;3;ENTJ;E;;N;;T;;J;;;;6;7;5;1;4;6;6;6;6;2;6;6;6;2;6;7;7;6;2;2;25;14;26;23;2;7;6,25;3,50;6,50;5,75;1,75
ID7176;V-2025;0;22;1;INTJ;I;;N;;T;;J;;;;2;7;7;2;6;1;6;7;6;7;2;7;7;7;6;6;7;6;7;3;11;22;27;27;2;18;2,75;5,50;6,75;6,75;4,50
ID5234;V-2025;1;24;16;ESFP;E;;S;;F;;P;;;;4;4;6;3;5;2;7;3;4;3;6;6;3;6;5;6;7;6;4;4;18;17;24;18;4;17;4,50;4,25;6,00;4,50;4,25
ID6519;V-2025;0;21;12;ESFJ;E;;S;;F;;J;;;;5;7;6;1;5;5;6;6;5;4;5;7;6;2;3;7;7;6;2;5;22;17;27;24;3;8;5,50;4,25;6,75;6,00;2,00
ID6114;V-2025;0;20;7;ENFJ;E;;N;;F;;J;;;;5;4;5;3;5;4;5;3;3;4;5;7;6;5;4;3;6;4;4;5;17;18;22;18;5;17;4,25;4,50;5,50;4,50;4,25
ID6136;V-2025;0;19;1;INTJ;I;;N;;T;;J;;;;3;3;7;3;3;2;5;5;5;5;4;3;4;6;6;4;5;3;4;4;13;18;16;19;3;16;3,25;4,50;4,00;4,75;4,00
ID5382;V-2025;0;21;5;INFJ;I;;N;;F;;J;;;;5;7;7;1;6;6;6;6;5;6;5;7;4;5;5;6;7;3;6;7;22;24;27;20;3;15;5,50;6,00;6,75;5,00;3,75
ID4601;V-2025;1;21;3;ENTJ;E;;N;;T;;J;;;;3;5;6;1;6;3;7;4;7;7;5;6;6;1;7;7;7;6;2;1;18;21;25;22;1;5;4,50;5,25;6,25;5,50;1,25
ID4309;V-2025;0;20;10;ISFJ;I;;S;;F;;J;;;;3;5;7;2;5;3;6;7;5;5;2;5;7;7;3;6;7;7;6;3;14;16;23;28;3;18;3,50;4,00;5,75;7,00;4,50
ID6190;V-2025;1;23;9;ISTJ;I;;S;;T;;J;;;;4;5;7;5;7;3;6;7;5;4;5;3;7;5;5;3;7;7;6;5;15;21;21;28;3;19;3,75;5,25;5,25;7,00;4,75
ID6342;V-2025;0;21;7;ENFJ;E;;N;;F;;J;;;;6;6;7;1;4;7;6;4;6;6;7;7;6;2;5;7;7;7;2;7;27;22;26;24;2;7;6,75;5,50;6,50;6,00;1,75
ID5445;V-2025;0;22;7;ENFJ;E;;N;;F;;J;;;;7;6;7;2;4;3;6;7;7;5;7;7;6;5;4;5;6;6;2;3;22;16;25;26;1;10;5,50;4,00;6,25;6,50;2,50
ID4715;V-2025;0;21;8;ENFP;E;;N;;F;;P;;;;4;7;5;1;4;5;5;6;7;5;7;7;6;2;6;7;7;5;3;6;23;21;26;22;1;7;5,75;5,25;6,50;5,50;1,75
ID7232;V-2025;0;28;8;ENFP;E;;N;;F;;P;;;;7;5;5;3;6;6;6;4;6;6;7;6;5;4;5;6;7;4;3;7;26;24;24;18;2;12;6,50;6,00;6,00;4,50;3,00
ID5454;V-2025;0;23;12;ESFJ;E;;S;;F;;J;;;;6;7;7;4;1;4;7;6;2;4;5;7;7;7;7;7;7;6;4;1;22;13;28;26;6;21;5,50;3,25;7,00;6,50;5,25
ID5852;V-2025;1;19;14;ISFP;I;;S;;F;;P;;;;2;4;4;1;1;3;5;4;6;3;2;6;4;5;5;3;5;2;7;5;10;14;20;14;2;15;2,50;3,50;5,00;3,50;3,75
ID5756;V-2025;0;20;11;ESTJ;E;;S;;T;;J;;;;6;6;6;1;5;6;6;7;6;5;6;6;6;2;5;6;7;6;2;4;24;19;25;25;2;7;6,00;4,75;6,25;6,25;1,75
ID7584;V-2025;0;33;10;ISFJ;I;;S;;F;;J;;;;4;5;7;4;4;4;6;6;5;3;4;6;6;7;5;4;6;4;6;3;16;15;23;23;3;20;4,00;3,75;5,75;5,75;5,00
ID7433;V-2025;0;20;12;ESFJ;E;;S;;F;;J;;;;6;7;7;1;4;6;6;7;2;2;5;7;6;7;2;6;7;7;6;5;23;13;27;27;6;20;5,75;3,25;6,75;6,75;5,00
ID6164;V-2025;0;20;12;ESFJ;E;;S;;F;;J;;;;6;5;7;3;5;5;5;5;3;5;6;6;5;5;5;5;5;5;5;2;22;17;21;22;5;18;5,50;4,25;5,25;5,50;4,50
ID6977;V-2025;1;19;7;ENFJ;E;;N;;F;;J;;;;2;6;7;2;5;5;7;6;2;5;3;7;6;4;6;6;7;4;5;2;16;18;27;23;6;17;4,00;4,50;6,75;5,75;4,25
ID7041;V-2025;0;24;7;ENFJ;E;;N;;F;;J;;;;5;4;6;1;5;5;5;5;6;7;5;6;6;2;7;6;6;4;2;7;21;26;21;21;2;7;5,25;6,50;5,25;5,25;1,75
ID4480;V-2025;0;42;7;ENFJ;E;;N;;F;;J;;;;4;6;7;1;5;5;5;5;5;5;6;7;6;5;5;5;7;6;4;2;20;17;25;24;3;13;5,00;4,25;6,25;6,00;3,25
ID5039;V-2025;1;21;3;ENTJ;E;;N;;T;;J;;;;5;7;6;1;5;5;6;6;6;5;6;6;6;4;4;5;7;4;3;4;21;18;26;22;2;10;5,25;4,50;6,50;5,50;2,50
ID4486;V-2025;1;22;16;ESFP;E;;S;;F;;P;;;;4;5;6;2;4;3;5;3;6;4;4;4;3;5;4;6;6;3;5;6;17;18;20;15;2;14;4,25;4,50;5,00;3,75;3,50
ID6302;V-2025;1;22;4;ENTP;E;;N;;T;;P;;;;7;7;7;1;5;7;5;4;7;7;7;4;5;1;4;7;5;5;1;7;28;23;21;21;1;4;7,00;5,75;5,25;5,25;1,00
ID4725;V-2025;0;22;7;ENFJ;E;;N;;F;;J;;;;5;7;7;1;6;6;5;7;6;6;6;7;6;3;6;7;7;6;1;7;24;25;26;26;2;7;6,00;6,25;6,50;6,50;1,75
ID5826;V-2025;0;21;7;ENFJ;E;;N;;F;;J;;;;7;7;7;2;5;7;6;7;7;7;7;7;7;7;6;7;7;6;2;7;28;25;27;27;1;12;7,00;6,25;6,75;6,75;3,00
ID7563;V-2025;0;20;7;ENFJ;E;;N;;F;;J;;;;6;6;6;1;5;6;6;6;5;6;7;7;6;3;7;6;7;5;5;7;25;25;26;23;3;12;6,25;6,25;6,50;5,75;3,00
ID6329;V-2025;0;21;7;ENFJ;E;;N;;F;;J;;;;6;3;7;1;6;4;7;4;7;7;7;4;5;2;7;5;7;4;3;7;22;27;21;20;1;7;5,50;6,75;5,25;5,00;1,75
ID5202;V-2025;0;20;10;ISFJ;I;;S;;F;;J;;;;4;6;7;1;5;3;6;7;4;4;5;7;6;2;4;7;6;6;3;3;19;16;25;26;4;10;4,75;4,00;6,25;6,50;2,50
ID5452;V-2025;0;20;13;ISTP;I;;S;;T;;P;;;;2;1;7;1;5;3;6;6;5;4;2;6;5;4;4;6;7;6;5;5;13;18;20;24;3;13;3,25;4,50;5,00;6,00;3,25
ID5131;V-2025;0;24;7;ENFJ;E;;N;;F;;J;;;;5;4;5;3;4;4;6;5;2;4;5;4;6;5;5;5;5;5;5;4;19;17;19;21;6;19;4,75;4,25;4,75;5,25;4,75
ID6675;V-2025;0;19;5;INFJ;I;;N;;F;;J;;;;6;5;7;2;4;5;6;6;5;6;6;6;7;6;6;6;7;5;5;2;23;18;24;25;3;16;5,75;4,50;6,00;6,25;4,00
ID6242;V-2025;0;22;7;ENFJ;E;;N;;F;;J;;;;6;6;6;1;6;5;6;6;6;6;6;6;7;3;6;6;7;7;4;6;23;24;25;26;2;10;5,75;6,00;6,25;6,50;2,50
ID6790;V-2025;0;22;7;ENFJ;E;;N;;F;;J;;;;4;6;7;1;6;4;7;7;7;4;6;7;7;4;1;7;7;7;3;7;21;18;27;28;1;9;5,25;4,50;6,75;7,00;2,25
ID6949;V-2025;1;19;15;ESTP;E;;S;;T;;P;;;;5;6;6;4;4;6;2;6;4;2;7;5;4;4;5;6;5;4;5;2;24;13;18;20;4;17;6,00;3,25;4,50;5,00;4,25
ID4894;V-2025;1;19;1;INTJ;I;;N;;T;;J;;;;4;2;7;1;5;1;6;6;2;6;6;7;5;4;2;5;6;4;7;3;16;16;21;22;6;18;4,00;4,00;5,25;5,50;4,50
ID7671;V-2025;1;19;3;ENTJ;E;;N;;T;;J;;;;5;6;6;1;6;6;4;6;5;5;5;6;6;3;6;7;7;5;2;6;23;23;23;23;3;9;5,75;5,75;5,75;5,75;2,25
ID4365;V-2025;0;21;12;ESFJ;E;;S;;F;;J;;;;7;7;6;2;6;6;4;4;3;3;7;4;5;5;4;6;7;3;5;1;26;14;22;18;5;17;6,50;3,50;5,50;4,50;4,25
ID5402;V-2025;0;20;7;ENFJ;E;;N;;F;;J;;;;4;6;7;1;4;2;5;7;5;4;5;5;7;6;5;4;7;5;6;5;15;18;23;26;3;16;3,75;4,50;5,75;6,50;4,00
ID4421;V-2025;1;22;3;ENTJ;E;;N;;T;;J;;;;5;5;7;1;6;6;4;7;7;6;5;4;7;2;7;6;7;5;2;5;22;24;20;26;1;6;5,50;6,00;5,00;6,50;1,50
ID5993;V-2025;0;24;12;ESFJ;E;;S;;F;;J;;;;5;6;6;1;5;6;5;3;5;5;3;6;6;1;5;7;7;4;1;3;21;18;24;19;3;6;5,25;4,50;6,00;4,75;1,50
ID6871;V-2025;0;22;3;ENTJ;E;;N;;T;;J;;;;5;6;6;1;2;5;6;7;4;3;5;6;6;3;2;6;6;7;5;2;21;9;24;26;4;13;5,25;2,25;6,00;6,50;3,25
ID7227;V-2025;0;23;8;ENFP;E;;N;;F;;P;;;;6;6;6;1;7;7;6;5;7;7;6;5;5;3;7;6;6;3;5;6;25;27;23;19;1;10;6,25;6,75;5,75;4,75;2,50
ID5190;V-2025;0;19;7;ENFJ;E;;N;;F;;J;;;;6;5;7;1;5;5;7;7;7;4;5;7;7;2;6;7;7;5;3;1;23;16;26;26;1;7;5,75;4,00;6,50;6,50;1,75
ID4207;V-2025;1;19;3;ENTJ;E;;N;;T;;J;;;;4;4;6;2;5;4;5;6;7;4;5;4;5;1;4;6;6;3;1;5;19;18;19;20;1;5;4,75;4,50;4,75;5,00;1,25
ID5492;V-2025;0;19;7;ENFJ;E;;N;;F;;J;;;;5;6;7;2;5;5;6;2;5;3;6;7;6;4;6;6;7;6;2;6;22;20;26;21;3;11;5,50;5,00;6,50;5,25;2,75
ID5129;V-2025;0;28;7;ENFJ;E;;N;;F;;J;;;;7;6;7;6;6;7;6;5;6;6;6;2;5;6;6;6;5;2;3;5;26;23;19;19;2;17;6,50;5,75;4,75;4,75;4,25
ID6635;V-2025;0;23;4;ENTP;E;;N;;T;;P;;;;6;6;4;2;5;6;5;5;4;3;6;3;6;3;5;6;6;4;2;3;24;16;20;19;4;11;6,00;4,00;5,00;4,75;2,75
ID6328;V-2025;0;21;12;ESFJ;E;;S;;F;;J;;;;7;6;6;1;4;5;5;5;4;5;7;3;4;3;5;6;7;2;5;6;25;20;21;17;4;13;6,25;5,00;5,25;4,25;3,25
ID7020;V-2025;0;24;8;ENFP;E;;N;;F;;P;;;;4;4;5;6;6;4;4;3;5;7;4;6;3;4;6;5;6;4;3;7;17;26;20;15;3;16;4,25;6,50;5,00;3,75;4,00
ID4440;V-2025;0;20;5;INFJ;I;;N;;F;;J;;;;4;7;7;1;5;2;7;4;4;5;3;7;6;6;5;7;7;7;7;7;16;22;28;24;4;18;4,00;5,50;7,00;6,00;4,50
ID6437;V-2025;0;21;10;ISFJ;I;;S;;F;;J;;;;4;4;7;4;3;2;7;6;3;6;1;6;6;4;1;7;7;7;5;7;14;17;24;26;5;18;3,50;4,25;6,00;6,50;4,50
ID6547;V-2025;0;24;3;ENTJ;E;;N;;T;;J;;;;7;7;6;1;6;6;7;3;5;5;7;7;6;2;5;6;7;6;1;4;26;20;28;21;3;7;6,50;5,00;7,00;5,25;1,75
ID4991;V-2025;1;21;9;ISTJ;I;;S;;T;;J;;;;5;5;6;1;3;4;6;6;6;4;5;6;5;2;5;3;7;6;4;3;17;15;24;23;2;9;4,25;3,75;6,00;5,75;2,25
ID4251;V-2025;1;37;2;INTP;I;;N;;T;;P;;;;6;6;5;2;6;5;2;6;4;5;6;5;6;4;6;5;5;4;4;6;22;23;18;21;4;14;5,50;5,75;4,50;5,25;3,50
ID7303;V-2025;1;20;3;ENTJ;E;;N;;T;;J;;;;7;7;7;1;4;7;6;7;6;1;6;7;7;2;7;7;7;7;1;7;27;19;27;28;2;6;6,75;4,75;6,75;7,00;1,50
ID7636;V-2025;0;20;16;ESFP;E;;S;;F;;P;;;;5;4;6;2;5;3;6;7;6;5;4;7;4;5;5;4;7;7;4;3;16;18;24;24;2;13;4,00;4,50;6,00;6,00;3,25
ID5318;V-2025;0;22;10;ISFJ;I;;S;;F;;J;;;;3;6;6;2;4;2;7;6;5;3;4;7;7;4;2;6;7;5;6;5;15;14;27;24;3;15;3,75;3,50;6,75;6,00;3,75
ID7816;V-2025;1;19;8;ENFP;E;;N;;F;;P;;;;5;6;6;1;5;5;6;4;4;5;5;6;5;4;4;3;5;4;4;4;18;18;23;19;4;13;4,50;4,50;5,75;4,75;3,25
ID6511;V-2025;0;36;7;ENFJ;E;;N;;F;;J;;;;7;6;7;1;6;6;7;6;7;4;7;7;6;1;6;6;7;7;2;4;26;20;27;26;1;5;6,50;5,00;6,75;6,50;1,25
ID7039;V-2025;0;20;4;ENTP;E;;N;;T;;P;;;;5;6;6;3;4;3;5;4;3;5;5;7;6;2;5;6;6;5;3;5;19;19;24;21;5;13;4,75;4,75;6,00;5,25;3,25
ID6148;V-2025;0;22;11;ESTJ;E;;S;;T;;J;;;;4;7;7;1;6;5;7;7;6;1;4;7;7;4;4;7;7;7;4;2;20;13;28;28;2;11;5,00;3,25;7,00;7,00;2,75
ID6967;V-2025;0;23;7;ENFJ;E;;N;;F;;J;;;;3;5;7;1;4;6;5;5;6;6;5;6;5;2;7;6;7;4;2;5;20;22;23;21;2;7;5,00;5,50;5,75;5,25;1,75
ID7825;V-2025;0;23;12;ESFJ;E;;S;;F;;J;;;;4;6;7;1;3;4;6;4;3;6;5;6;6;6;5;6;6;7;6;7;19;21;24;24;5;18;4,75;5,25;6,00;6,00;4,50
ID4141;V-2025;0;21;8;ENFP;E;;N;;F;;P;;;;6;6;7;2;6;6;6;3;5;6;6;4;5;2;6;6;6;4;2;6;24;24;22;19;3;9;6,00;6,00;5,50;4,75;2,25
ID6972;V-2025;0;24;8;ENFP;E;;N;;F;;P;;;;7;5;7;1;7;7;4;2;4;7;7;7;6;5;7;7;7;4;4;7;28;28;23;19;4;14;7,00;7,00;5,75;4,75;3,50
ID5794;V-2026;0;20;12;ESFJ;E;72;S;52;F;61;J;75;T;53;3;6;7;1;6;7;7;7;5;5;6;7;6;5;5;7;7;6;2;3;23;19;27;26;3;11;5,75;4,75;6,75;6,50;2,75
ID7451;V-2026;0;24;7;ENFJ;E;99;N;74;F;56;J;72;A;81;7;7;7;1;7;6;7;7;7;4;7;7;7;1;7;7;7;7;2;4;27;22;28;28;1;5;6,75;5,50;7,00;7,00;1,25
ID4379;V-2026;1;19;3;ENTJ;E;92;N;57;T;81;J;90;A;93;7;7;7;1;5;7;4;6;7;7;7;6;7;2;7;7;7;7;2;2;28;21;24;27;1;6;7,00;5,25;6,00;6,75;1,50
ID7108;V-2026;0;19;9;ISTJ;I;96;S;66;T;78;J;85;T;76;2;5;7;2;4;1;6;7;6;6;2;6;7;7;5;2;7;4;7;6;7;21;24;25;2;18;1,75;5,25;6,00;6,25;4,50
ID4626;V-2026;0;24;7;ENFJ;E;65;N;51;F;56;J;93;T;56;7;6;7;1;6;6;5;7;3;6;6;6;5;6;5;6;7;3;4;3;25;20;24;22;5;16;6,25;5,00;6,00;5,50;4,00
ID4276;V-2026;0;23;9;ISTJ;I;56;S;66;T;63;J;81;T;60;4;3;6;1;2;3;5;7;4;2;4;5;7;3;2;7;7;4;4;3;18;9;20;24;4;12;4,50;2,25;5,00;6,00;3,00
ID7434;V-2026;1;22;5;INFJ;I;95;N;81;F;61;J;73;T;92;2;3;6;7;5;3;7;5;3;5;4;6;6;7;7;2;7;6;7;3;11;20;23;23;5;26;2,75;5,00;5,75;5,75;6,50
ID6946;V-2026;0;20;10;ISFJ;I;60;S;55;F;55;J;97;T;61;6;7;7;5;4;6;7;7;3;3;5;7;7;5;5;6;7;7;4;3;23;15;28;28;5;19;5,75;3,75;7,00;7,00;4,75
ID5809;V-2026;0;23;8;ENFP;E;54;N;59;F;54;P;67;A;57;5;5;5;1;4;4;1;6;5;3;5;6;7;5;5;5;7;4;5;3;19;15;19;22;3;14;4,75;3,75;4,75;5,50;3,50
ID6756;V-2026;0;19;12;ESFJ;E;76;S;71;F;56;J;76;T;56;6;6;7;2;5;6;6;6;7;4;6;6;7;5;3;6;7;3;2;4;24;16;25;23;1;10;6,00;4,00;6,25;5,75;2,50
ID6392;V-2026;0;20;7;ENFJ;E;53;N;66;F;83;J;88;A;57;6;7;7;1;7;4;7;7;7;7;7;7;6;3;4;7;7;7;4;6;24;24;28;27;1;9;6,00;6,00;7,00;6,75;2,25
ID5235;V-2026;1;19;6;INFP;I;67;N;63;F;57;P;68;T;51;4;4;5;3;5;3;5;5;4;7;3;6;2;3;4;1;6;5;2;7;11;23;21;17;4;12;2,75;5,75;5,25;4,25;3,00
ID7533;V-2026;0;23;12;ESFJ;E;67;S;62;F;71;J;83;T;69;6;7;5;1;4;3;6;7;2;4;6;7;6;7;4;7;6;7;6;3;22;15;26;25;6;20;5,50;3,75;6,50;6,25;5,00
ID6729;V-2026;0;24;15;ESTP;E;94;S;69;T;53;P;86;A;82;7;7;7;1;6;7;5;3;7;7;7;3;4;1;5;7;5;1;1;4;28;22;20;15;1;4;7,00;5,50;5,00;3,75;1,00
ID4461;V-2026;0;20;12;ESFJ;E;63;S;52;F;51;J;83;A;71;4;6;7;1;5;3;7;7;2;5;4;7;7;1;4;4;7;6;4;5;15;19;27;27;6;12;3,75;4,75;6,75;6,75;3,00
ID7895;V-2026;1;19;6;INFP;I;79;N;79;F;85;P;83;A;63;7;1;6;7;7;1;7;3;7;7;4;2;7;7;7;1;7;1;5;1;13;22;17;17;1;20;3,25;5,50;4,25;4,25;5,00
ID4727;V-2026;0;21;7;ENFJ;E;58;N;70;F;51;J;81;T;51;5;7;6;1;4;5;5;7;5;4;5;7;5;3;6;7;7;6;3;6;22;20;26;24;3;10;5,50;5,00;6,50;6,00;2,50
ID7728;V-2026;0;28;5;INFJ;I;51;N;61;F;57;J;74;A;67;4;5;6;1;4;4;6;7;5;5;3;6;7;5;3;7;7;6;3;6;18;18;24;26;3;12;4,50;4,50;6,00;6,50;3,00
ID5979;V-2026;0;18;5;INFJ;I;75;N;51;F;57;J;89;T;54;3;6;6;1;5;2;6;6;5;4;4;6;5;6;4;1;6;6;7;3;10;16;24;23;3;17;2,50;4,00;6,00;5,75;4,25
ID6682;V-2026;0;19;7;ENFJ;E;69;N;56;F;57;J;79;A;60;5;6;7;1;5;3;7;7;6;4;7;7;6;3;5;6;7;6;2;6;21;20;27;26;2;8;5,25;5,00;6,75;6,50;2,00
ID5738;V-2026;0;20;11;ESTJ;E;74;S;58;T;61;J;85;A;90;7;7;7;1;5;7;6;7;6;7;7;6;6;5;5;7;7;7;3;7;28;24;26;27;2;11;7,00;6,00;6,50;6,75;2,75
ID5953;V-2026;1;20;3;ENTJ;E;69;N;57;T;53;J;88;A;56;5;7;7;1;6;4;7;6;5;2;5;6;7;2;5;5;7;7;5;4;19;17;27;27;3;11;4,75;4,25;6,75;6,75;2,75
ID5862;V-2026;0;20;11;ESTJ;E;64;S;68;T;51;J;92;T;85;3;5;7;2;4;3;7;7;3;1;3;7;6;4;2;7;7;7;7;1;16;8;26;27;5;18;4,00;2,00;6,50;6,75;4,50
ID7573;V-2026;0;22;7;ENFJ;E;79;N;64;F;63;J;86;A;56;7;6;7;1;6;7;5;7;4;5;7;7;7;4;6;7;7;6;3;6;28;23;25;27;4;12;7,00;5,75;6,25;6,75;3,00
ID6748;V-2026;0;28;7;ENFJ;E;64;N;64;F;76;J;76;A;59;5;7;6;2;5;4;7;6;6;6;5;7;5;3;7;6;7;4;3;6;20;24;28;21;2;10;5,00;6,00;7,00;5,25;2,50
ID4854;V-2026;0;20;1;INTJ;I;85;N;66;T;68;J;85;T;83;1;5;5;2;3;2;6;5;3;2;3;5;5;7;3;4;4;6;6;5;10;13;20;21;5;20;2,50;3,25;5,00;5,25;5,00
ID5635;V-2026;0;20;12;ESFJ;E;56;S;54;F;69;J;99;T;83;5;7;7;1;4;4;7;7;1;5;4;7;6;6;5;7;7;7;6;5;20;19;28;27;7;20;5,00;4,75;7,00;6,75;5,00
ID7925;V-2026;0;22;6;INFP;I;64;N;52;F;51;P;60;T;60;1;5;6;1;3;1;5;4;4;4;1;7;6;5;4;4;7;6;6;4;7;15;24;22;4;16;1,75;3,75;6,00;5,50;4,00
ID6419;V-2026;0;20;3;ENTJ;E;75;N;68;T;63;J;57;A;57;6;6;5;3;5;3;6;6;6;4;7;7;6;5;7;3;7;6;3;5;19;21;26;23;2;13;4,75;5,25;6,50;5,75;3,25
ID6428;V-2026;1;20;7;ENFJ;E;90;N;77;F;77;J;88;A;54;6;5;6;1;5;4;5;5;5;6;6;7;5;6;4;4;5;2;5;4;20;19;22;18;3;15;5,00;4,75;5,50;4,50;3,75
ID6145;V-2026;0;24;1;INTJ;I;54;N;68;T;61;J;86;T;60;4;5;7;2;4;4;7;7;4;5;4;5;7;5;5;5;7;7;5;4;17;18;24;28;4;16;4,25;4,50;6,00;7,00;4,00
ID6097;V-2026;0;24;3;ENTJ;E;78;N;57;T;51;J;63;T;61;6;7;7;1;5;7;6;7;5;4;7;7;7;6;4;7;7;7;3;5;27;18;27;28;3;13;6,75;4,50;6,75;7,00;3,25
ID6802;V-2026;0;21;7;ENFJ;E;65;N;59;F;75;J;88;A;63;4;7;6;2;4;4;6;5;5;5;4;7;7;3;2;4;7;4;5;5;16;16;27;22;3;13;4,00;4,00;6,75;5,50;3,25
ID4815;V-2026;0;25;7;ENFJ;E;57;N;63;F;56;J;76;T;63;5;5;6;3;6;4;5;6;5;3;6;4;7;5;6;3;7;6;5;4;18;19;21;25;3;16;4,50;4,75;5,25;6,25;4,00
ID7541;V-2026;0;19;7;ENFJ;E;86;N;73;F;53;J;51;A;65;7;6;6;2;5;6;6;7;7;6;7;5;7;4;7;6;7;6;2;6;26;24;24;26;1;9;6,50;6,00;6,00;6,50;2,25
ID7332;V-2026;0;19;11;ESTJ;E;53;S;54;T;64;J;81;T;74;5;4;6;1;5;2;7;6;4;6;5;4;5;7;7;3;7;1;5;3;15;21;22;18;4;17;3,75;5,25;5,50;4,50;4,25
ID5724;V-2026;0;20;8;ENFP;E;67;N;70;F;69;P;51;T;72;5;6;7;1;6;5;7;6;5;5;5;7;7;4;5;6;7;6;4;4;21;20;27;26;3;12;5,25;5,00;6,75;6,50;3,00
ID5678;V-2026;1;21;1;INTJ;I;63;N;56;T;81;J;61;T;51;4;4;6;2;5;3;3;5;4;6;3;4;5;4;5;4;7;3;4;7;14;23;18;19;4;14;3,50;5,75;4,50;4,75;3,50
ID6523;V-2026;0;25;12;ESFJ;E;96;S;64;F;61;J;90;A;78;7;7;7;1;7;7;7;7;5;5;7;7;7;2;4;7;7;4;1;2;28;18;28;25;3;7;7,00;4,50;7,00;6,25;1,75
ID6222;V-2026;0;20;11;ESTJ;E;54;S;59;T;64;J;78;A;71;5;4;7;2;4;4;7;7;5;4;4;7;6;5;4;6;7;5;3;3;19;15;25;25;3;13;4,75;3,75;6,25;6,25;3,25
ID4145;V-2026;1;19;4;ENTP;E;74;N;71;T;64;P;67;A;69;5;7;5;1;5;5;7;5;5;3;5;6;4;5;5;5;7;5;3;4;20;17;27;19;3;12;5,00;4,25;6,75;4,75;3,00
ID7815;V-2026;0;21;11;ESTJ;E;64;S;71;T;54;J;76;T;79;6;4;5;2;3;6;3;6;5;1;6;4;6;5;3;7;7;4;6;1;25;8;18;21;3;16;6,25;2,00;4,50;5,25;4,00
ID6231;V-2026;0;20;7;ENFJ;E;64;N;82;F;58;J;65;T;58;5;5;6;7;7;4;7;6;5;6;5;6;5;7;5;4;6;7;3;7;18;25;24;24;3;20;4,50;6,25;6,00;6,00;5,00
ID4347;V-2026;0;26;7;ENFJ;E;78;N;52;F;85;J;69;A;51;7;7;7;1;6;7;7;7;5;5;7;7;7;5;5;7;7;7;4;4;28;20;28;28;3;13;7,00;5,00;7,00;7,00;3,25
ID7146;V-2026;1;31;11;ESTJ;E;90;S;57;T;61;J;82;A;82;7;7;6;2;5;7;7;6;5;7;7;3;5;5;5;6;5;2;5;1;27;18;22;19;3;15;6,75;4,50;5,50;4,75;3,75
ID7633;V-2026;0;20;2;INTP;I;52;N;54;T;51;P;67;T;56;4;6;6;1;4;6;5;6;6;5;5;6;5;5;5;6;6;4;5;4;21;18;23;21;2;13;5,25;4,50;5,75;5,25;3,25
ID7687;V-2026;0;23;12;ESFJ;E;86;S;66;F;68;J;54;A;53;7;7;7;3;4;6;6;6;7;5;7;7;7;4;4;5;7;4;5;4;25;17;27;24;1;13;6,25;4,25;6,75;6,00;3,25
ID4118;V-2026;0;23;12;ESFJ;E;76;S;52;F;52;J;75;A;75;6;7;6;1;5;7;7;6;6;6;7;7;6;2;5;7;7;5;3;5;27;21;28;23;2;8;6,75;5,25;7,00;5,75;2,00
ID7343;V-2026;1;28;3;ENTJ;E;96;N;88;T;51;J;79;A;75;7;7;6;1;5;6;6;7;7;7;7;7;6;1;7;7;7;3;1;7;27;26;27;22;1;4;6,75;6,50;6,75;5,50;1,00
ID7703;V-2026;1;20;7;ENFJ;E;85;N;84;F;53;J;64;A;64;7;6;6;2;4;4;5;3;7;7;7;4;4;3;5;5;7;4;5;5;23;21;22;17;1;11;5,75;5,25;5,50;4,25;2,75
ID4357;V-2026;0;24;1;INTJ;I;54;N;70;T;51;J;65;A;74;4;5;5;1;4;5;5;5;5;6;5;7;4;3;3;5;7;5;2;3;19;16;24;19;3;9;4,75;4,00;6,00;4,75;2,25
ID7324;V-2026;0;19;3;ENTJ;E;74;N;56;T;79;J;57;A;64;7;6;7;1;5;6;5;6;4;7;7;7;6;4;7;6;7;6;3;4;26;23;25;25;4;12;6,50;5,75;6,25;6,25;3,00
ID6203;V-2026;0;19;5;INFJ;I;67;N;66;F;68;J;89;T;82;6;7;7;1;3;5;6;5;4;4;5;7;6;7;3;7;7;6;6;5;23;15;27;24;4;18;5,75;3,75;6,75;6,00;4,50
ID7588;V-2026;0;20;12;ESFJ;E;67;S;53;F;72;J;56;T;60;5;7;7;1;4;6;7;6;5;2;6;7;5;4;3;7;7;7;4;4;24;13;28;25;3;12;6,00;3,25;7,00;6,25;3,00
ID5702;V-2026;1;19;14;ISFP;I;56;S;59;F;54;P;63;T;67;6;3;5;2;5;3;5;4;4;6;6;3;3;7;5;3;7;3;6;2;18;18;18;15;4;19;4,50;4,50;4,50;3,75;4,75
ID5483;V-2026;1;20;12;ESFJ;E;54;S;52;F;65;J;64;A;61;4;6;7;1;6;4;7;7;5;4;4;7;7;2;4;5;6;6;3;4;17;18;26;27;3;9;4,25;4,50;6,50;6,75;2,25
ID4061;V-2026;0;42;3;ENTJ;E;61;N;78;T;65;J;73;A;76;7;6;7;1;5;5;7;7;7;7;7;6;7;2;6;7;7;6;1;6;26;24;26;27;1;5;6,50;6,00;6,50;6,75;1,25
ID6888;V-2026;1;20;11;ESTJ;E;76;S;55;T;72;J;81;A;76;7;4;6;1;5;5;4;7;7;3;7;6;6;2;4;6;6;3;2;7;25;19;20;22;1;6;6,25;4,75;5,00;5,50;1,50
ID4752;V-2026;0;23;6;INFP;I;51;N;68;F;71;P;60;T;60;5;6;6;5;5;3;6;3;4;6;5;5;5;5;5;6;7;5;6;7;19;23;24;19;4;20;4,75;5,75;6,00;4,75;5,00
ID5296;V-2026;1;20;1;INTJ;I;54;N;92;T;68;J;78;A;65;2;3;6;1;6;2;5;6;6;6;2;6;6;4;7;6;7;5;1;7;12;26;21;23;2;8;3,00;6,50;5,25;5,75;2,00
ID5100;V-2026;0;20;9;ISTJ;I;72;S;71;T;61;J;51;T;56;2;5;6;4;5;3;6;6;5;4;3;6;5;4;4;3;6;5;6;7;11;20;23;22;3;17;2,75;5,00;5,75;5,50;4,25
ID5111;V-2026;1;25;4;ENTP;E;65;N;60;T;65;P;51;A;81;3;6;5;3;3;4;7;4;5;2;3;7;5;2;7;7;7;5;1;1;17;13;27;19;3;9;4,25;3,25;6,75;4,75;2,25
ID7296;V-2026;0;24;12;ESFJ;E;74;S;71;F;53;J;81;T;68;7;7;5;1;4;6;5;7;2;4;6;5;6;7;4;7;6;6;6;2;26;14;23;24;6;20;6,50;3,50;5,75;6,00;5,00
ID4335;V-2026;0;23;7;ENFJ;E;71;N;63;F;67;J;82;T;61;7;5;7;2;4;6;5;7;3;5;7;7;6;5;4;3;7;7;5;7;23;20;24;27;5;17;5,75;5,00;6,00;6,75;4,25
ID7048;V-2026;1;21;7;ENFJ;E;85;N;64;F;58;J;54;T;60;7;7;5;1;7;7;7;4;4;6;7;6;5;3;7;7;7;5;3;1;28;21;27;19;4;11;7,00;5,25;6,75;4,75;2,75
ID5188;V-2026;1;28;13;ISTP;I;54;S;54;T;58;P;63;T;51;4;5;5;1;4;5;5;6;6;4;4;6;4;3;4;6;6;5;3;2;19;14;22;20;2;9;4,75;3,50;5,50;5,00;2,25
ID4013;V-2026;0;25;8;ENFP;E;61;N;54;F;72;P;78;A;75;6;7;6;1;5;7;6;5;6;7;6;6;4;1;4;7;7;6;5;7;26;23;26;21;2;9;6,50;5,75;6,50;5,25;2,25
ID5024;V-2026;1;20;15;ESTP;E;89;S;62;T;54;P;54;T;63;6;5;5;2;5;7;2;5;5;3;6;6;5;5;4;6;5;4;4;3;25;15;18;19;3;14;6,25;3,75;4,50;4,75;3,50
ID6574;V-2026;0;20;11;ESTJ;E;63;S;66;T;57;J;78;T;69;4;5;7;2;3;5;6;6;4;3;4;7;4;5;2;6;7;7;6;7;19;15;25;24;4;17;4,75;3,75;6,25;6,00;4,25
ID4041;V-2026;0;19;7;ENFJ;E;89;N;61;F;67;J;82;A;54;6;5;6;1;5;5;7;7;2;4;5;7;7;5;6;3;7;6;5;7;19;22;26;26;6;17;4,75;5,50;6,50;6,50;4,25
ID6593;V-2026;0;20;12;ESFJ;E;81;S;61;F;60;J;75;T;67;7;7;7;2;4;6;7;7;3;3;6;7;6;3;3;7;7;7;3;6;26;16;28;27;5;13;6,50;4,00;7,00;6,75;3,25
ID4772;V-2026;0;20;7;ENFJ;E;81;N;70;F;64;J;89;T;56;7;7;7;1;7;7;7;7;6;4;7;7;6;2;2;7;7;7;1;7;28;20;28;27;2;6;7,00;5,00;7,00;6,75;1,50
ID6382;V-2026;0;21;3;ENTJ;E;83;N;63;T;58;J;57;A;64;7;7;5;1;6;7;5;6;5;4;7;7;7;3;4;6;6;6;2;5;27;19;25;24;3;9;6,75;4,75;6,25;6,00;2,25
ID5119;V-2026;0;23;16;ESFP;E;76;S;79;F;69;P;56;T;68;7;7;6;1;4;6;6;5;3;1;7;7;6;6;2;7;7;6;4;2;27;9;27;23;5;16;6,75;2,25;6,75;5,75;4,00
ID7917;V-2026;0;20;7;ENFJ;E;67;N;89;F;83;J;81;A;54;6;7;7;5;6;6;7;7;5;6;6;5;5;5;6;5;7;6;5;7;23;25;26;25;3;18;5,75;6,25;6,50;6,25;4,50
ID6317;V-2026;0;21;5;INFJ;I;54;N;84;F;69;J;90;T;65;5;7;7;3;6;3;6;7;4;7;6;7;6;5;6;6;7;6;5;7;20;26;27;26;4;17;5,00;6,50;6,75;6,50;4,25
ID4731;V-2026;0;24;9;ISTJ;I;57;S;68;T;60;J;68;T;71;1;3;5;3;3;3;5;6;3;2;3;6;4;5;4;3;5;5;4;3;10;12;19;20;5;17;2,50;3,00;4,75;5,00;4,25
ID4755;V-2026;1;23;4;ENTP;E;69;N;56;T;60;P;64;T;54;5;5;4;1;4;4;7;4;5;4;5;6;4;6;5;6;6;6;2;5;20;18;24;18;3;12;5,00;4,50;6,00;4,50;3,00
ID5003;V-2026;0;29;7;ENFJ;E;72;N;64;F;60;J;86;A;68;4;7;7;1;5;4;7;7;5;4;4;7;6;3;4;7;7;7;3;4;19;17;28;27;3;10;4,75;4,25;7,00;6,75;2,50
ID7762;V-2026;0;23;10;ISFJ;I;53;S;57;F;65;J;67;A;71;5;7;6;1;5;3;7;7;5;4;4;7;7;4;4;7;7;7;5;3;19;16;28;27;3;13;4,75;4,00;7,00;6,75;3,25
ID6101;V-2026;0;26;7;ENFJ;E;58;N;60;F;51;J;78;A;60;6;7;6;1;5;6;1;7;5;5;7;7;5;1;5;7;7;7;2;7;26;22;22;25;3;7;6,50;5,50;5,50;6,25;1,75
ID4875;V-2026;0;20;7;ENFJ;E;61;N;52;F;71;J;71;A;60;4;6;7;1;4;5;6;6;3;6;4;7;5;4;3;7;6;6;1;7;20;20;25;24;5;11;5,00;5,00;6,25;6,00;2,75
ID6468;V-2026;1;28;4;ENTP;E;89;N;95;T;51;P;81;T;54;6;5;5;5;5;6;5;4;3;7;7;5;4;7;7;5;6;4;5;7;24;26;21;17;5;22;6,00;6,50;5,25;4,25;5,50
ID5659;V-2026;0;19;7;ENFJ;E;57;N;75;F;51;J;78;T;68;4;5;7;3;5;3;7;3;4;7;5;7;6;6;6;6;7;4;6;4;18;22;26;20;4;19;4,50;5,50;6,50;5,00;4,75
ID6737;V-2026;0;25;5;INFJ;I;56;N;51;F;56;J;76;A;65;3;4;6;1;5;3;5;7;7;3;2;6;4;1;3;6;5;6;4;4;14;15;20;23;1;7;3,50;3,75;5,00;5,75;1,75
ID5407;V-2026;1;27;7;ENFJ;E;74;N;75;F;60;J;56;T;63;6;7;7;2;5;7;6;6;4;4;5;6;7;6;6;6;7;7;3;7;24;22;26;27;4;15;6,00;5,50;6,50;6,75;3,75
ID6830;V-2026;0;19;12;ESFJ;E;79;S;64;F;58;J;86;A;72;7;7;7;1;5;7;7;7;6;1;7;7;7;2;3;7;7;7;2;2;28;11;28;28;2;7;7,00;2,75;7,00;7,00;1,75
ID7702;V-2026;1;20;2;INTP;I;68;N;54;T;54;P;53;A;69;4;6;7;1;7;2;6;6;7;6;3;6;3;1;7;6;7;6;1;3;15;23;25;22;1;4;3,75;5,75;6,25;5,50;1,00
ID6879;V-2026;1;23;3;ENTJ;E;74;N;57;T;69;J;72;A;72;6;7;7;1;6;2;6;4;7;7;5;4;7;6;6;5;7;4;3;7;18;26;24;22;1;11;4,50;6,50;6,00;5,50;2,75
ID7346;V-2026;0;20;7;ENFJ;E;100;N;71;F;65;J;94;A;82;7;7;6;1;3;7;1;4;5;5;7;7;7;7;5;7;7;7;5;1;28;14;22;24;3;16;7,00;3,50;5,50;6,00;4,00
ID7286;H-2024;0;25;;;;;;;;;;;;;5;3;6;6;4;5;5;4;5;3;6;3;5;6;6;3;6;2;3;6;19;19;17;17;3;18;4,75;4,75;4,25;4,25;4,50
ID7240;H-2024;0;26;;;;;;;;;;;;;6;6;7;1;7;3;3;1;1;7;7;7;5;7;7;3;7;1;7;1;19;22;23;14;7;22;4,75;5,50;5,75;3,50;5,50
ID4191;H-2024;0;21;;;;;;;;;;;;;3;7;7;1;3;2;6;7;3;4;3;7;6;4;2;6;7;7;6;6;14;15;27;27;5;16;3,50;3,75;6,75;6,75;4,00
ID6891;H-2024;0;23;;;;;;;;;;;;;6;7;7;4;4;5;6;7;2;4;6;7;7;7;4;4;7;7;6;6;21;18;27;28;6;23;5,25;4,50;6,75;7,00;5,75
ID6819;H-2025;0;25;;;;;;;;;;;;;4;4;7;5;5;4;7;7;2;4;2;7;5;7;7;4;7;7;5;6;14;22;25;26;6;23;3,50;5,50;6,25;6,50;5,75
ID4694;H-2025;0;24;;;;;;;;;;;;;7;7;7;1;5;6;7;7;5;1;7;6;5;4;4;6;7;6;5;4;26;14;27;25;3;13;6,50;3,50;6,75;6,25;3,25
ID5963;H-2025;1;19;;;;;;;;;;;;;6;7;6;1;5;7;1;2;7;7;7;5;4;1;7;6;7;3;2;3;26;22;20;15;1;5;6,50;5,50;5,00;3,75;1,25
ID7594;H-2025;1;27;;;;;;;;;;;;;7;7;7;4;6;4;7;6;7;7;5;6;6;3;6;7;7;7;1;1;23;20;27;26;1;9;5,75;5,00;6,75;6,50;2,25
ID4491;H-2025;1;27;;;;;;;;;;;;;6;4;7;2;6;4;7;5;5;6;6;5;7;5;6;3;7;6;3;7;19;25;23;25;3;13;4,75;6,25;5,75;6,25;3,25
ID6356;V-2025;1;23;;;;;;;;;;;;;7;6;5;1;4;6;2;4;5;3;7;6;5;2;3;7;6;3;3;3;27;13;20;17;3;9;6,75;3,25;5,00;4,25;2,25
ID6663;V-2025;1;23;;;;;;;;;;;;;5;6;7;2;6;3;7;7;7;2;6;7;6;7;6;4;7;7;4;1;18;15;27;27;1;14;4,50;3,75;6,75;6,75;3,50
ID6628;V-2026;0;19;;;;;;;;;;;;;7;3;7;2;2;6;7;7;3;5;7;6;7;7;3;7;7;7;5;7;27;17;23;28;5;19;6,75;4,25;5,75;7,00;4,75
ID5677;V-2026;1;19;;;;;;;;;;;;;5;6;6;6;6;5;5;7;5;7;6;7;6;5;6;6;2;6;3;5;22;24;20;25;3;17;5,50;6,00;5,00;6,25;4,25
ID7921;V-2026;0;20;;;;;;;;;;;;;5;4;7;1;5;5;6;6;5;5;6;6;6;4;4;6;7;6;6;5;22;19;23;25;3;14;5,50;4,75;5,75;6,25;3,50
ID6609;V-2026;0;27;;;;;;;;;;;;;5;7;7;1;4;3;6;7;6;4;5;7;7;4;4;7;7;7;4;3;20;15;27;28;2;11;5,00;3,75;6,75;7,00;2,75
ID4011;V-2026;1;20;;;;;;;;;;;;;4;4;6;2;4;4;6;4;4;4;4;7;4;7;4;5;7;4;2;7;17;19;24;18;4;15;4,25;4,75;6,00;4,50;3,75
ID5173;V-2026;0;21;;;;;;;;;;;;;6;6;6;2;7;6;6;4;7;7;7;5;4;3;7;6;6;4;4;7;25;28;23;18;1;10;6,25;7,00;5,75;4,50;2,50
ID6020;V-2026;0;20;;;;;;;;;;;;;4;7;7;1;2;5;6;7;4;2;4;7;5;6;1;7;7;4;7;4;20;9;27;23;4;18;5,00;2,25;6,75;5,75;4,50
