person_id;cohort_name;foreign;mover;education;big5.chatty;big5.cold;big5.thorough;big5.depressed;big5.original;big5.quiet;big5.helpful;big5.unorganized;big5.relaxed;big5.wild_imagination;big5.outgoing;big5.rude;big5.planner;big5.worried_a_lot;big5.speculate;big5.shy;big5.considerate;big5.uncareful;big5.nervous;big5.not_artistic;big5_extrovert_tot;big5_openness_tot;big5_agreeableness_tot;big5_conscientiousness_tot;big5.relaxed_rev;big5_neuroticism_tot;big5_extrovert_mean;big5_openness_mean;big5_agreeableness_mean;big5_conscientiousness_mean;big5_neuroticism_mean
1667;H-2022;1;;;;;;;;;;;;;;;;;;;;;;;;;;;;;;;;;
1460;H-2022;0;;;;;;;;;;;;;;;;;;;;;;;;;;;;;;;;;
1840;H-2022;1;;;;;;;;;;;;;;;;;;;;;;;;;;;;;;;;;
1816;H-2022;0;;;;;;;;;;;;;;;;;;;;;;;;;;;;;;;;;
1060;H-2022;0;;;;;;;;;;;;;;;;;;;;;;;;;;;;;;;;;
1449;H-2022;0;;;;;;;;;;;;;;;;;;;;;;;;;;;;;;;;;
1548;H-2022;0;;;;;;;;;;;;;;;;;;;;;;;;;;;;;;;;;
1887;H-2022;0;;;;;;;;;;;;;;;;;;;;;;;;;;;;;;;;;
1924;H-2022;0;;;;;;;;;;;;;;;;;;;;;;;;;;;;;;;;;
1019;H-2022;0;;;;;;;;;;;;;;;;;;;;;;;;;;;;;;;;;
1649;H-2022;1;;;;;;;;;;;;;;;;;;;;;;;;;;;;;;;;;
1638;H-2022;1;;;;;;;;;;;;;;;;;;;;;;;;;;;;;;;;;
1670;H-2022;1;;;;;;;;;;;;;;;;;;;;;;;;;;;;;;;;;
1319;H-2022;0;;;;;;;;;;;;;;;;;;;;;;;;;;;;;;;;;
1116;H-2022;0;;;;;;;;;;;;;;;;;;;;;;;;;;;;;;;;;
1145;H-2022;1;;;;;;;;;;;;;;;;;;;;;;;;;;;;;;;;;
1102;H-2022;1;;;;;;;;;;;;;;;;;;;;;;;;;;;;;;;;;
1214;H-2022;0;;;;;;;;;;;;;;;;;;;;;;;;;;;;;;;;;
1826;H-2022;0;;;;;;;;;;;;;;;;;;;;;;;;;;;;;;;;;
1390;H-2022;1;;;;;;;;;;;;;;;;;;;;;;;;;;;;;;;;;
1597;H-2022;1;;;;;;;;;;;;;;;;;;;;;;;;;;;;;;;;;
1980;H-2022;0;;;;;;;;;;;;;;;;;;;;;;;;;;;;;;;;;
1160;H-2022;1;;;;;;;;;;;;;;;;;;;;;;;;;;;;;;;;;
1077;H-2022;0;;;;;;;;;;;;;;;;;;;;;;;;;;;;;;;;;
1529;H-2022;0;;;;;;;;;;;;;;;;;;;;;;;;;;;;;;;;;
1962;H-2022;1;;;;;;;;;;;;;;;;;;;;;;;;;;;;;;;;;
1126;H-2022;1;;;;;;;;;;;;;;;;;;;;;;;;;;;;;;;;;
1262;H-2022;0;;;;;;;;;;;;;;;;;;;;;;;;;;;;;;;;;
1442;H-2022;1;;;;;;;;;;;;;;;;;;;;;;;;;;;;;;;;;
1642;H-2022;0;;;;;;;;;;;;;;;;;;;;;;;;;;;;;;;;;
1181;H-2022;0;;;;;;;;;;;;;;;;;;;;;;;;;;;;;;;;;
1779;H-2022;1;;;;;;;;;;;;;;;;;;;;;;;;;;;;;;;;;
1828;H-2022;0;;;;;;;;;;;;;;;;;;;;;;;;;;;;;;;;;
1868;H-2022;0;;;;;;;;;;;;;;;;;;;;;;;;;;;;;;;;;
1163;H-2022;1;;;;;;;;;;;;;;;;;;;;;;;;;;;;;;;;;
1474;H-2022;1;;;;;;;;;;;;;;;;;;;;;;;;;;;;;;;;;
1228;H-2022;1;;;;;;;;;;;;;;;;;;;;;;;;;;;;;;;;;
1789;H-2022;1;;;;;;;;;;;;;;;;;;;;;;;;;;;;;;;;;
1938;H-2022;0;;;;;;;;;;;;;;;;;;;;;;;;;;;;;;;;;
1984;H-2022;1;;;;;;;;;;;;;;;;;;;;;;;;;;;;;;;;;
1646;H-2022;0;;;;;;;;;;;;;;;;;;;;;;;;;;;;;;;;;
1265;H-2022;1;;;;;;;;;;;;;;;;;;;;;;;;;;;;;;;;;
1427;H-2022;1;;;;;;;;;;;;;;;;;;;;;;;;;;;;;;;;;
1991;H-2022;1;;;;;;;;;;;;;;;;;;;;;;;;;;;;;;;;;
1249;H-2022;1;;;;;;;;;;;;;;;;;;;;;;;;;;;;;;;;;
1534;H-2022;1;;;;;;;;;;;;;;;;;;;;;;;;;;;;;;;;;
1942;H-2022;0;;;;;;;;;;;;;;;;;;;;;;;;;;;;;;;;;
1040;H-2022;1;;;;;;;;;;;;;;;;;;;;;;;;;;;;;;;;;
1541;H-2022;0;;;;;;;;;;;;;;;;;;;;;;;;;;;;;;;;;
1497;H-2022;0;;;;;;;;;;;;;;;;;;;;;;;;;;;;;;;;;
1877;H-2022;1;;;;;;;;;;;;;;;;;;;;;;;;;;;;;;;;;
1697;H-2022;1;;;;;;;;;;;;;;;;;;;;;;;;;;;;;;;;;
1400;H-2022;;;;;;;;;;;;;;;;;;;;;;;;;;;;;;;;;;
1450;H-2022;1;;;;;;;;;;;;;;;;;;;;;;;;;;;;;;;;;
1806;H-2022;1;;;;;;;;;;;;;;;;;;;;;;;;;;;;;;;;;
1600;H-2022;0;;;;;;;;;;;;;;;;;;;;;;;;;;;;;;;;;
1988;H-2022;0;;;;;;;;;;;;;;;;;;;;;;;;;;;;;;;;;
1363;H-2022;1;;;;;;;;;;;;;;;;;;;;;;;;;;;;;;;;;
1838;H-2022;1;;;;;;;;;;;;;;;;;;;;;;;;;;;;;;;;;
1478;H-2022;1;;;;;;;;;;;;;;;;;;;;;;;;;;;;;;;;;
1403;H-2022;1;;;;;;;;;;;;;;;;;;;;;;;;;;;;;;;;;
1375;H-2022;0;;;;;;;;;;;;;;;;;;;;;;;;;;;;;;;;;
1335;H-2022;0;;;;;;;;;;;;;;;;;;;;;;;;;;;;;;;;;
1598;H-2022;1;;;;;;;;;;;;;;;;;;;;;;;;;;;;;;;;;
1142;H-2022;0;;;;;;;;;;;;;;;;;;;;;;;;;;;;;;;;;
1919;H-2022;1;;;;;;;;;;;;;;;;;;;;;;;;;;;;;;;;;
1444;H-2022;0;;;;;;;;;;;;;;;;;;;;;;;;;;;;;;;;;
1940;H-2022;0;;;;;;;;;;;;;;;;;;;;;;;;;;;;;;;;;
1659;H-2022;1;;;;;;;;;;;;;;;;;;;;;;;;;;;;;;;;;
1071;H-2022;1;;;;;;;;;;;;;;;;;;;;;;;;;;;;;;;;;
1457;H-2022;1;;;;;;;;;;;;;;;;;;;;;;;;;;;;;;;;;
1891;H-2022;0;;;;;;;;;;;;;;;;;;;;;;;;;;;;;;;;;
1188;H-2022;1;;;;;;;;;;;;;;;;;;;;;;;;;;;;;;;;;
1432;H-2022;0;;;;;;;;;;;;;;;;;;;;;;;;;;;;;;;;;
1929;H-2022;0;;;;;;;;;;;;;;;;;;;;;;;;;;;;;;;;;
1488;H-2022;;;;;;;;;;;;;;;;;;;;;;;;;;;;;;;;;;
1867;H-2022;;;;;;;;;;;;;;;;;;;;;;;;;;;;;;;;;;
1538;H-2022;0;;;;;;;;;;;;;;;;;;;;;;;;;;;;;;;;;
1912;H-2022;0;;;;;;;;;;;;;;;;;;;;;;;;;;;;;;;;;
1955;H-2022;1;;;;;;;;;;;;;;;;;;;;;;;;;;;;;;;;;
1215;H-2022;1;;;;;;;;;;;;;;;;;;;;;;;;;;;;;;;;;
1540;H-2022;1;;;;;;;;;;;;;;;;;;;;;;;;;;;;;;;;;
1866;H-2022;0;;;;;;;;;;;;;;;;;;;;;;;;;;;;;;;;;
1613;H-2022;1;;;;;;;;;;;;;;;;;;;;;;;;;;;;;;;;;
1927;H-2022;1;;;;;;;;;;;;;;;;;;;;;;;;;;;;;;;;;
1296;H-2022;0;;;;;;;;;;;;;;;;;;;;;;;;;;;;;;;;;
1835;H-2022;0;;;;;;;;;;;;;;;;;;;;;;;;;;;;;;;;;
1328;H-2022;1;;;;;;;;;;;;;;;;;;;;;;;;;;;;;;;;;
1147;H-2022;0;;;;;;;;;;;;;;;;;;;;;;;;;;;;;;;;;
1701;H-2022;0;;;;;;;;;;;;;;;;;;;;;;;;;;;;;;;;;
1889;H-2022;0;;;;;;;;;;;;;;;;;;;;;;;;;;;;;;;;;
1708;H-2022;0;;;;;;;;;;;;;;;;;;;;;;;;;;;;;;;;;
1888;H-2022;0;;;;;;;;;;;;;;;;;;;;;;;;;;;;;;;;;
1084;H-2022;1;;;;;;;;;;;;;;;;;;;;;;;;;;;;;;;;;
1083;H-2022;1;;;;;;;;;;;;;;;;;;;;;;;;;;;;;;;;;
1250;H-2022;0;;;;;;;;;;;;;;;;;;;;;;;;;;;;;;;;;
1864;H-2022;0;;;;;;;;;;;;;;;;;;;;;;;;;;;;;;;;;
1976;H-2022;0;;;;;;;;;;;;;;;;;;;;;;;;;;;;;;;;;
1281;H-2022;0;;;;;;;;;;;;;;;;;;;;;;;;;;;;;;;;;
1675;H-2022;1;;;;;;;;;;;;;;;;;;;;;;;;;;;;;;;;;
1898;H-2022;0;;;;;;;;;;;;;;;;;;;;;;;;;;;;;;;;;
1869;H-2022;0;;;;;;;;;;;;;;;;;;;;;;;;;;;;;;;;;
1687;H-2022;0;;;;;;;;;;;;;;;;;;;;;;;;;;;;;;;;;
1431;H-2022;1;;;;;;;;;;;;;;;;;;;;;;;;;;;;;;;;;
1030;V-2024;0;1;2;4;5;6;1;4;4;7;7;6;1;5;5;7;2;5;7;7;5;2;2;20;12;24;25;2;7;5,00;3,00;6,00;6,25;1,75
1010;V-2024;0;0;2;7;7;7;2;4;7;4;7;5;4;7;5;7;6;7;7;6;3;2;2;28;17;22;24;3;13;7,00;4,25;5,50;6,00;3,25
1921;V-2024;0;0;2;6;7;6;1;6;6;6;7;6;6;7;7;6;2;6;7;7;7;2;7;26;25;27;26;2;7;6,50;6,25;6,75;6,50;1,75
1441;V-2024;0;1;2;3;7;6;1;4;4;7;7;6;5;5;7;5;5;4;5;7;7;5;5;17;18;28;25;2;13;4,25;4,50;7,00;6,25;3,25
1561;V-2024;0;0;2;6;7;6;1;5;7;6;6;3;2;6;3;3;5;2;7;7;3;5;6;26;15;23;18;5;16;6,50;3,75;5,75;4,50;4,00
1345;V-2024;1;0;2;7;7;6;1;6;4;6;3;3;7;7;7;4;6;7;7;7;3;5;1;25;21;27;16;5;17;6,25;5,25;6,75;4,00;4,25
1592;V-2024;1;0;1;5;5;7;6;1;2;5;5;2;1;2;5;7;7;1;4;7;7;7;6;13;9;22;26;6;26;3,25;2,25;5,50;6,50;6,50
1585;V-2024;0;0;1;4;7;7;2;4;2;6;7;6;5;5;6;7;6;3;7;7;7;4;4;18;16;26;28;2;14;4,50;4,00;6,50;7,00;3,50
1660;V-2024;0;1;1;4;6;6;3;5;3;6;7;5;5;5;6;7;5;5;4;7;6;6;7;16;22;25;26;3;17;4,00;5,50;6,25;6,50;4,25
1012;V-2024;0;0;2;6;5;3;2;7;7;7;4;6;7;6;3;6;1;7;3;7;3;3;7;22;28;22;16;2;8;5,50;7,00;5,50;4,00;2,00
1293;V-2024;0;0;1;6;7;7;1;5;7;5;7;4;2;6;7;7;3;4;7;7;7;3;4;26;15;26;28;4;11;6,50;3,75;6,50;7,00;2,75
1849;V-2024;0;0;2;3;6;7;4;5;3;6;6;2;2;2;7;7;6;5;6;7;7;6;4;14;16;26;27;6;22;3,50;4,00;6,50;6,75;5,50
1707;V-2024;0;0;2;5;5;7;2;4;4;5;7;3;6;3;6;7;7;6;4;7;6;7;6;16;22;23;27;5;21;4,00;5,50;5,75;6,75;5,25
1303;V-2024;1;0;0;5;4;7;1;6;4;5;7;5;3;6;7;6;6;5;5;6;6;6;5;20;19;22;26;3;16;5,00;4,75;5,50;6,50;4,00
1937;V-2024;1;0;2;4;4;7;2;7;1;7;7;6;6;5;7;7;5;6;5;7;7;5;2;15;21;25;28;2;14;3,75;5,25;6,25;7,00;3,50
1678;V-2024;0;1;2;7;7;7;1;7;4;7;7;4;7;7;7;7;4;7;7;7;7;4;4;25;25;28;28;4;13;6,25;6,25;7,00;7,00;3,25
1338;V-2024;1;0;2;2;6;7;1;4;3;6;7;4;3;3;7;7;1;5;3;7;5;4;4;11;16;26;26;4;10;2,75;4,00;6,50;6,50;2,50
1350;V-2024;0;0;2;5;5;6;4;6;5;6;5;6;5;7;6;5;2;7;6;6;2;2;5;23;23;23;18;2;10;5,75;5,75;5,75;4,50;2,50
1922;V-2024;0;1;2;7;7;7;1;5;6;7;7;7;5;6;7;7;5;5;6;7;7;4;6;25;21;28;28;1;11;6,25;5,25;7,00;7,00;2,75
1658;V-2024;0;0;2;7;6;7;1;7;5;5;7;5;6;5;4;5;4;6;7;7;2;2;6;24;25;22;21;3;10;6,00;6,25;5,50;5,25;2,50
1107;V-2024;0;1;2;7;7;7;2;6;7;7;6;6;7;6;7;6;3;6;6;7;6;2;2;26;21;28;25;2;9;6,50;5,25;7,00;6,25;2,25
1752;V-2024;0;0;2;4;6;6;1;3;5;6;6;3;3;4;6;7;5;3;4;7;4;7;1;17;10;25;23;5;18;4,25;2,50;6,25;5,75;4,50
1543;V-2024;0;1;2;4;4;7;2;5;5;7;7;7;3;4;7;7;3;5;7;7;4;3;6;20;19;25;25;1;9;5,00;4,75;6,25;6,25;2,25
1518;V-2024;1;0;1;4;3;7;1;7;4;7;5;7;3;4;4;3;1;4;5;6;7;1;5;17;19;20;22;1;4;4,25;4,75;5,00;5,50;1,00
1775;V-2024;0;1;1;4;5;5;5;4;4;7;6;5;6;4;7;4;5;6;3;7;4;4;3;15;19;26;19;3;17;3,75;4,75;6,50;4,75;4,25
1998;V-2024;0;0;1;5;6;6;1;4;6;5;6;6;3;6;6;5;2;3;6;7;6;3;1;23;11;24;23;2;8;5,75;2,75;6,00;5,75;2,00
1004;V-2024;0;1;2;6;6;6;3;5;4;6;6;5;7;7;3;6;5;7;4;6;3;5;6;21;25;21;21;3;16;5,25;6,25;5,25;5,25;4,00
1043;V-2024;0;1;2;5;6;5;2;2;4;5;6;1;7;5;6;4;7;5;3;6;6;4;1;17;15;23;21;7;20;4,25;3,75;5,75;5,25;5,00
1189;V-2024;1;0;99;2;4;6;1;4;1;6;7;6;2;2;7;7;1;5;3;7;7;1;1;8;12;24;27;2;5;2,00;3,00;6,00;6,75;1,25
1171;V-2024;0;1;2;6;5;5;1;4;6;5;3;6;2;6;5;6;1;6;6;6;5;3;2;24;14;21;19;2;7;6,00;3,50;5,25;4,75;1,75
1039;V-2024;0;1;1;6;6;6;1;3;3;6;5;2;2;6;7;5;5;1;3;7;7;5;6;18;12;26;23;6;17;4,50;3,00;6,50;5,75;4,25
1810;V-2024;1;0;1;7;3;7;1;5;3;2;3;1;6;7;7;7;2;6;7;7;6;7;2;24;19;19;23;7;17;6,00;4,75;4,75;5,75;4,25
1216;V-2024;1;0;2;4;6;6;2;5;4;6;6;3;6;4;6;7;6;5;4;7;4;6;7;16;23;25;23;5;19;4,00;5,75;6,25;5,75;4,75
1747;V-2024;0;1;1;5;7;7;2;6;6;7;6;5;6;6;7;7;4;7;7;7;7;4;7;24;26;28;27;3;13;6,00;6,50;7,00;6,75;3,25
1291;V-2024;1;1;2;7;4;6;4;4;4;4;4;5;6;6;6;4;5;5;4;7;3;4;3;21;18;21;17;3;16;5,25;4,50;5,25;4,25;4,00
1058;V-2024;1;0;0;4;6;6;1;5;3;7;6;6;3;4;7;6;2;6;6;7;6;4;2;17;16;27;24;2;9;4,25;4,00;6,75;6,00;2,25
1395;V-2024;0;1;2;7;5;6;2;4;7;6;3;3;3;6;5;5;6;4;7;6;6;4;2;27;13;22;20;5;17;6,75;3,25;5,50;5,00;4,25
1184;V-2024;0;0;2;6;6;6;2;4;6;6;6;4;3;6;6;6;3;4;6;6;5;4;2;24;13;24;23;4;13;6,00;3,25;6,00;5,75;3,25
1737;V-2024;0;0;2;5;6;6;1;4;4;6;6;2;6;5;7;6;6;5;6;7;6;7;4;20;19;26;24;6;20;5,00;4,75;6,50;6,00;5,00
1456;V-2024;1;1;2;6;6;7;1;5;7;5;6;6;6;7;7;4;4;4;7;7;2;2;3;27;18;25;19;2;9;6,75;4,50;6,25;4,75;2,25
1022;V-2024;0;0;2;5;6;6;1;5;5;6;7;6;3;7;6;6;3;4;7;7;6;1;3;24;15;25;25;2;7;6,00;3,75;6,25;6,25;1,75
1170;V-2024;0;0;2;7;2;6;2;5;6;3;3;4;5;7;5;4;6;5;6;6;3;6;2;26;17;16;16;4;18;6,50;4,25;4,00;4,00;4,50
1588;V-2024;1;1;2;3;6;7;4;3;4;7;5;2;4;5;7;5;7;5;5;7;7;7;5;17;17;27;24;6;24;4,25;4,25;6,75;6,00;6,00
1063;V-2024;1;0;2;5;7;7;1;6;6;7;7;5;5;7;6;6;5;5;7;7;5;5;5;25;21;27;25;3;14;6,25;5,25;6,75;6,25;3,50
1855;V-2024;0;1;2;4;6;7;1;4;3;6;6;3;1;4;6;6;3;3;6;7;5;5;1;17;9;25;24;5;14;4,25;2,25;6,25;6,00;3,50
1908;V-2024;0;0;1;7;5;6;3;1;7;4;7;5;3;6;7;7;4;4;6;7;6;2;2;26;10;23;26;3;12;6,50;2,50;5,75;6,50;3,00
1417;V-2024;1;0;2;6;7;5;1;4;6;5;5;5;4;7;6;5;3;4;6;7;6;3;6;25;18;25;21;3;10;6,25;4,50;6,25;5,25;2,50
1573;V-2024;1;1;1;3;6;6;5;3;3;7;5;6;3;6;7;3;6;3;3;7;6;7;2;15;11;27;20;2;20;3,75;2,75;6,75;5,00;5,00
1070;V-2024;0;0;2;6;7;6;1;5;6;6;6;5;7;7;7;7;2;7;2;7;3;5;7;21;26;27;22;3;11;5,25;6,50;6,75;5,50;2,75
1059;V-2024;0;0;2;6;6;7;2;5;6;7;7;4;6;7;6;7;2;4;5;7;6;2;3;24;18;26;27;4;10;6,00;4,50;6,50;6,75;2,50
1643;V-2024;0;1;2;7;6;7;1;6;6;7;7;7;5;7;6;6;1;5;7;7;4;1;4;27;20;26;24;1;4;6,75;5,00;6,50;6,00;1,00
1484;V-2024;1;0;1;7;5;6;1;7;7;7;6;3;7;7;7;6;4;7;7;7;4;2;7;28;28;26;22;5;12;7,00;7,00;6,50;5,50;3,00
1804;V-2024;1;0;0;6;7;7;1;5;5;4;7;4;4;7;6;6;5;7;4;6;5;5;4;22;20;23;25;4;15;5,50;5,00;5,75;6,25;3,75
1203;V-2024;0;0;2;7;7;7;1;6;6;7;7;7;4;7;7;7;2;5;7;7;6;5;1;27;16;28;27;1;9;6,75;4,00;7,00;6,75;2,25
1227;V-2024;1;0;1;3;7;5;2;4;4;6;6;1;4;5;6;4;4;4;4;7;6;5;3;16;15;26;21;7;18;4,00;3,75;6,50;5,25;4,50
1243;V-2024;1;0;0;5;6;6;1;6;4;6;7;7;4;6;7;5;1;4;7;6;7;3;2;22;16;25;25;1;6;5,50;4,00;6,25;6,25;1,50
1413;V-2024;0;0;2;5;6;6;1;5;2;7;5;5;7;6;6;7;5;7;3;7;6;6;6;16;25;26;24;3;15;4,00;6,25;6,50;6,00;3,75
1577;V-2024;0;1;2;5;5;7;5;4;4;1;6;1;1;6;7;7;7;2;4;6;4;6;1;19;8;19;24;7;25;4,75;2,00;4,75;6,00;6,25
1542;V-2024;1;1;2;6;6;7;1;4;6;7;7;7;4;6;7;6;2;2;7;7;4;4;4;25;14;27;24;1;8;6,25;3,50;6,75;6,00;2,00
1476;V-2024;1;0;2;5;5;7;1;5;5;6;7;7;7;6;1;7;4;5;7;7;4;3;5;23;22;19;25;1;9;5,75;5,50;4,75;6,25;2,25
1885;V-2024;0;0;2;5;4;6;1;6;5;7;1;7;6;6;4;3;1;7;7;7;3;2;7;23;26;22;13;1;5;5,75;6,50;5,50;3,25;1,25
1522;V-2024;1;0;2;6;7;7;1;4;6;7;7;5;5;6;7;7;3;6;7;7;7;3;6;25;21;28;28;3;10;6,25;5,25;7,00;7,00;2,50
1405;V-2024;1;0;2;4;5;7;5;4;3;5;5;2;3;4;6;5;7;4;4;7;5;6;6;15;17;23;22;6;24;3,75;4,25;5,75;5,50;6,00
1397;V-2024;1;0;2;3;4;5;1;5;2;5;4;6;6;3;6;3;4;4;3;5;3;5;5;11;20;20;15;2;12;2,75;5,00;5,00;3,75;3,00
1716;V-2024;0;1;2;6;6;6;3;4;6;5;5;4;4;4;4;5;4;6;6;3;4;3;4;22;18;18;20;4;14;5,50;4,50;4,50;5,00;3,50
1797;V-2024;1;1;2;2;6;6;1;4;3;4;5;2;3;5;7;6;7;4;4;7;6;7;7;14;18;24;23;6;21;3,50;4,50;6,00;5,75;5,25
1607;V-2024;0;1;2;4;4;5;2;3;2;6;6;5;2;6;6;3;5;4;6;6;2;5;2;18;11;22;16;3;15;4,50;2,75;5,50;4,00;3,75
1801;V-2024;1;1;1;5;7;7;4;7;3;5;6;2;7;5;6;5;5;6;5;7;7;5;7;18;27;25;25;6;20;4,50;6,75;6,25;6,25;5,00
1501;V-2024;0;1;2;6;6;6;1;6;6;6;6;7;5;6;6;6;3;4;6;6;4;4;2;24;17;24;22;1;9;6,00;4,25;6,00;5,50;2,25
1429;V-2024;0;0;2;7;7;6;1;4;7;6;7;6;4;7;7;6;2;5;7;7;6;4;1;28;14;27;25;2;9;7,00;3,50;6,75;6,25;2,25
1778;V-2024;1;0;2;3;6;7;1;4;5;5;6;3;5;6;6;6;5;4;6;6;4;5;6;20;19;23;23;5;16;5,00;4,75;5,75;5,75;4,00
1205;V-2024;0;0;2;6;6;5;1;7;6;5;5;6;7;6;5;5;2;7;4;6;3;6;7;22;28;22;18;2;11;5,50;7,00;5,50;4,50;2,75
1475;V-2024;1;0;2;7;7;7;5;5;7;7;7;1;1;7;7;6;6;3;7;7;7;4;4;28;13;28;27;7;22;7,00;3,25;7,00;6,75;5,50
1104;V-2024;1;1;0;1;4;7;4;5;3;5;6;6;5;1;3;2;7;5;4;7;3;6;5;9;20;19;18;2;19;2,25;5,00;4,75;4,50;4,75
1210;V-2024;0;1;2;7;7;6;2;5;6;6;6;5;6;7;6;7;6;6;7;7;5;4;6;27;23;26;24;3;15;6,75;5,75;6,50;6,00;3,75
1471;V-2024;1;0;2;1;3;6;3;6;1;7;7;6;1;4;6;2;4;5;7;7;6;6;1;13;13;23;21;2;15;3,25;3,25;5,75;5,25;3,75
1671;V-2024;1;0;1;7;6;7;1;6;5;6;6;6;5;6;6;6;2;6;6;6;3;2;6;24;23;24;22;2;7;6,00;5,75;6,00;5,50;1,75
1066;V-2024;0;1;2;7;7;7;1;6;6;6;6;4;5;7;7;6;4;5;7;7;5;4;4;27;20;27;24;4;13;6,75;5,00;6,75;6,00;3,25
1088;V-2024;0;1;1;7;7;6;1;6;7;5;6;7;7;7;3;6;2;6;7;6;3;2;5;28;24;21;21;1;6;7,00;6,00;5,25;5,25;1,50
1358;V-2024;0;1;2;7;6;7;1;6;7;5;7;5;6;7;6;7;2;6;7;6;4;4;3;28;21;23;25;3;10;7,00;5,25;5,75;6,25;2,50
1601;V-2024;0;1;2;7;6;6;1;6;6;7;5;6;6;7;6;6;5;5;5;7;4;4;4;25;21;26;21;2;12;6,25;5,25;6,50;5,25;3,00
1309;V-2024;0;1;2;4;6;7;1;7;3;7;7;7;7;5;6;7;2;5;6;7;6;2;7;18;26;26;27;1;6;4,50;6,50;6,50;6,75;1,50
1936;V-2024;0;1;2;6;6;6;3;4;3;6;6;5;3;6;6;6;5;2;7;6;6;5;6;22;15;24;24;3;16;5,50;3,75;6,00;6,00;4,00
1294;V-2024;0;0;2;4;3;6;1;5;3;6;6;6;5;4;3;6;3;5;3;5;5;5;5;14;20;17;23;2;11;3,50;5,00;4,25;5,75;2,75
1421;V-2024;0;1;1;5;6;6;1;5;6;6;6;5;6;7;5;7;2;5;6;7;5;3;5;24;21;24;24;3;9;6,00;5,25;6,00;6,00;2,25
1715;V-2024;0;0;2;1;7;5;5;4;1;5;2;4;3;2;5;4;4;4;3;6;4;6;4;7;15;23;15;4;19;1,75;3,75;5,75;3,75;4,75
1978;V-2024;1;0;2;2;2;7;1;4;1;6;2;6;2;4;4;7;7;2;4;7;6;3;1;11;9;19;22;2;13;2,75;2,25;4,75;5,50;3,25
1430;V-2024;0;0;2;5;7;6;1;4;5;6;5;7;2;7;7;6;1;2;6;7;5;6;3;23;11;27;22;1;9;5,75;2,75;6,75;5,50;2,25
1732;V-2024;1;0;1;6;2;6;1;7;4;7;6;5;7;6;3;7;2;7;6;7;3;2;7;22;28;19;22;3;8;5,50;7,00;4,75;5,50;2,00
1512;V-2024;0;1;2;5;6;5;2;5;5;6;5;3;4;5;7;6;6;5;5;7;6;4;4;20;18;26;22;5;17;5,00;4,50;6,50;5,50;4,25
1361;V-2024;0;1;2;7;7;7;6;5;7;7;7;2;3;7;7;7;6;2;7;7;6;5;6;28;16;28;27;6;23;7,00;4,00;7,00;6,75;5,75
1986;V-2024;0;0;2;5;7;6;1;5;7;5;5;7;4;5;6;4;1;4;7;7;4;2;3;24;16;25;19;1;5;6,00;4,00;6,25;4,75;1,25
1480;V-2024;0;0;2;5;6;7;3;5;4;7;7;6;6;6;6;6;5;4;7;7;5;3;7;22;22;26;25;2;13;5,50;5,50;6,50;6,25;3,25
1015;V-2024;0;0;1;7;6;6;1;5;6;7;5;7;6;7;5;6;2;6;6;7;5;3;2;26;19;25;22;1;7;6,50;4,75;6,25;5,50;1,75
1486;V-2024;1;1;2;5;7;5;2;5;4;6;4;4;6;6;7;4;6;4;7;5;4;5;4;22;19;25;17;4;17;5,50;4,75;6,25;4,25;4,25
1254;V-2024;1;1;2;5;7;7;1;5;6;7;7;7;2;6;7;7;1;4;7;7;6;4;5;24;16;28;27;1;7;6,00;4,00;7,00;6,75;1,75
1725;V-2024;0;0;2;5;6;5;3;5;5;5;6;4;6;5;3;5;3;7;6;3;3;2;7;21;25;17;19;4;12;5,25;6,25;4,25;4,75;3,00
1491;V-2024;0;1;1;6;7;2;1;6;6;4;5;6;6;6;3;4;4;5;6;7;7;3;6;24;23;21;18;2;10;6,00;5,75;5,25;4,50;2,50
1902;V-2024;0;1;1;3;5;6;3;2;2;6;5;7;1;3;7;4;3;2;4;7;7;5;1;12;6;25;22;1;12;3,00;1,50;6,25;5,50;3,00
1178;V-2024;0;0;2;4;4;6;4;4;4;6;6;5;4;4;6;6;4;4;4;6;6;3;4;16;16;22;24;3;14;4,00;4,00;5,50;6,00;3,50
1428;V-2024;0;1;2;5;6;4;2;3;3;5;2;5;6;5;3;6;7;7;3;7;2;5;5;16;21;21;14;3;17;4,00;5,25;5,25;3,50;4,25
3107;H-2024;0;1;2;5;7;7;2;3;3;7;7;7;3;5;7;7;5;2;5;7;7;2;2;18;10;28;28;1;10;4,50;2,50;7,00;7,00;2,50
3627;H-2024;1;1;2;4;7;7;1;5;5;7;7;4;4;4;7;7;4;4;6;7;5;4;4;19;17;28;26;4;13;4,75;4,25;7,00;6,50;3,25
3677;H-2024;1;0;1;5;6;6;1;5;6;7;6;7;4;5;7;6;2;4;7;7;7;5;3;23;16;27;25;1;9;5,75;4,00;6,75;6,25;2,25
3889;H-2024;1;0;1;5;6;7;1;5;5;7;7;6;4;5;7;7;1;5;7;6;7;2;5;22;19;26;28;2;6;5,50;4,75;6,50;7,00;1,50
3194;H-2024;0;1;2;5;6;3;1;5;6;6;3;7;4;6;6;4;1;5;6;7;2;1;1;23;15;25;12;1;4;5,75;3,75;6,25;3,00;1,00
3742;H-2024;1;1;1;5;5;5;2;5;6;4;2;6;6;6;5;2;4;5;7;6;3;4;6;24;22;20;12;2;12;6,00;5,50;5,00;3,00;3,00
3962;H-2024;0;1;1;6;4;7;1;4;3;7;7;5;1;6;7;7;7;3;7;7;7;6;1;22;9;25;28;3;17;5,50;2,25;6,25;7,00;4,25
3901;H-2024;1;1;1;3;5;7;1;3;3;6;6;7;5;5;6;7;1;3;6;7;3;2;6;17;17;24;23;1;5;4,25;4,25;6,00;5,75;1,25
3894;H-2024;0;1;2;5;5;6;1;2;5;5;6;4;1;4;6;5;4;5;5;6;4;5;1;19;9;22;21;4;14;4,75;2,25;5,50;5,25;3,50
3599;H-2024;0;1;2;7;7;7;1;3;7;6;7;6;3;7;7;7;2;3;7;7;5;4;2;28;11;27;26;2;9;7,00;2,75;6,75;6,50;2,25
3365;H-2024;0;0;2;4;3;6;1;7;4;4;6;7;7;4;4;6;1;7;3;6;5;2;4;15;25;17;23;1;5;3,75;6,25;4,25;5,75;1,25
3378;H-2024;1;0;1;5;6;7;1;4;5;6;3;2;3;5;6;5;6;5;6;7;5;6;3;21;15;25;20;6;19;5,25;3,75;6,25;5,00;4,75
3948;H-2024;1;1;2;5;6;7;2;5;6;4;5;4;5;4;6;6;4;6;6;6;6;2;2;21;18;22;24;4;12;5,25;4,50;5,50;6,00;3,00
3421;H-2024;1;1;0;3;3;7;1;4;5;6;7;7;5;5;7;6;1;5;6;6;6;1;2;19;16;22;26;1;4;4,75;4,00;5,50;6,50;1,00
3969;H-2024;0;1;1;6;3;5;2;7;5;6;3;5;7;6;3;4;3;6;5;7;5;3;5;22;25;19;17;3;11;5,50;6,25;4,75;4,25;2,75
3823;H-2024;0;0;2;5;1;5;1;1;6;4;7;4;7;5;3;7;7;5;4;7;1;7;1;20;14;15;20;4;19;5,00;3,50;3,75;5,00;4,75
3155;H-2024;0;1;2;1;3;3;6;2;1;7;4;1;7;1;7;4;7;3;1;7;6;7;2;4;14;24;17;7;27;1,00;3,50;6,00;4,25;6,75
3166;H-2024;0;0;2;4;5;7;1;5;3;7;7;6;5;5;7;7;2;7;5;7;7;2;7;17;24;26;28;2;7;4,25;6,00;6,50;7,00;1,75
3207;H-2024;0;0;2;6;6;6;5;4;5;7;6;5;3;5;5;5;5;5;6;6;5;6;3;22;15;24;22;3;19;5,50;3,75;6,00;5,50;4,75
3726;H-2024;0;1;2;4;3;6;3;5;2;5;4;6;6;4;7;6;5;6;5;7;7;4;5;15;22;22;23;2;14;3,75;5,50;5,50;5,75;3,50
3468;H-2024;1;1;1;3;6;7;1;5;4;6;7;6;7;4;7;5;5;7;4;7;6;3;7;15;26;26;25;2;11;3,75;6,50;6,50;6,25;2,75
3105;H-2024;0;1;1;3;6;6;1;4;3;5;6;7;5;4;5;7;2;6;6;7;4;2;2;16;17;23;23;1;6;4,00;4,25;5,75;5,75;1,50
3482;H-2024;1;0;0;5;5;3;5;4;4;5;3;3;2;5;6;5;6;3;4;5;5;5;5;18;14;21;16;5;21;4,50;3,50;5,25;4,00;5,25
3587;H-2024;0;1;2;7;7;5;2;5;7;6;5;5;6;7;5;5;3;5;7;7;7;2;5;28;21;25;22;3;10;7,00;5,25;6,25;5,50;2,50
3280;H-2024;0;1;2;6;5;6;1;5;5;5;4;2;5;6;6;6;5;5;4;7;4;5;5;21;20;23;20;6;17;5,25;5,00;5,75;5,00;4,25
3972;H-2024;1;0;2;5;4;7;1;6;5;7;6;7;7;7;6;6;4;5;7;7;6;4;4;24;22;24;25;1;10;6,00;5,50;6,00;6,25;2,50
3440;H-2024;1;0;1;6;6;7;1;4;7;7;7;7;3;6;7;7;2;6;7;7;7;1;2;26;15;27;28;1;5;6,50;3,75;6,75;7,00;1,25
3389;H-2024;0;1;2;5;5;5;1;5;4;7;5;3;1;3;5;5;4;6;5;6;3;3;7;17;19;23;18;5;13;4,25;4,75;5,75;4,50;3,25
3499;H-2024;1;0;2;5;6;7;1;5;7;5;5;2;6;5;7;6;6;6;6;6;5;6;6;23;23;24;23;6;19;5,75;5,75;6,00;5,75;4,75
3251;H-2024;0;1;1;3;3;5;5;4;3;5;6;5;3;4;4;6;5;3;4;6;6;5;1;14;11;18;23;3;18;3,50;2,75;4,50;5,75;4,50
3231;H-2024;0;1;2;6;7;5;2;5;7;6;4;6;6;7;1;6;6;4;7;7;1;1;1;27;16;21;16;2;11;6,75;4,00;5,25;4,00;2,75
3564;H-2024;1;0;0;5;7;7;1;6;6;7;7;7;5;6;7;7;3;5;7;7;7;2;1;24;17;28;28;1;7;6,00;4,25;7,00;7,00;1,75
3294;H-2024;0;1;2;4;4;5;1;3;5;5;5;4;6;4;4;4;5;5;5;6;3;3;2;18;16;19;17;4;13;4,50;4,00;4,75;4,25;3,25
3613;H-2024;0;1;2;5;6;6;2;6;4;6;6;6;7;5;5;5;4;5;4;6;3;3;7;18;25;23;20;2;11;4,50;6,25;5,75;5,00;2,75
3463;H-2024;0;0;2;7;7;7;1;5;7;7;7;5;4;7;7;7;3;3;7;7;7;3;6;28;18;28;28;3;10;7,00;4,50;7,00;7,00;2,50
3100;H-2024;0;1;1;5;3;6;6;4;5;5;4;5;3;6;3;5;6;6;3;6;2;3;6;19;19;17;17;3;18;4,75;4,75;4,25;4,25;4,50
3919;H-2024;0;1;1;5;6;6;4;3;3;6;6;5;3;5;6;7;7;5;5;7;4;6;6;18;17;25;23;3;20;4,50;4,25;6,25;5,75;5,00
3188;H-2024;0;1;2;5;7;7;1;4;3;7;7;6;3;5;6;7;3;2;6;7;7;2;2;19;11;27;28;2;8;4,75;2,75;6,75;7,00;2,00
3141;H-2024;1;0;1;3;6;7;2;3;3;7;3;2;2;2;7;2;6;5;3;7;3;7;3;11;13;27;15;6;21;2,75;3,25;6,75;3,75;5,25
3924;H-2024;0;1;99;2;6;6;5;5;3;7;6;3;1;2;4;6;6;5;2;7;6;7;1;9;12;24;24;5;23;2,25;3,00;6,00;6,00;5,75
3770;H-2024;0;1;1;4;4;7;4;3;3;7;6;5;7;3;6;5;6;5;3;7;6;6;1;13;16;24;24;3;19;3,25;4,00;6,00;6,00;4,75
3379;H-2024;1;1;1;6;6;6;1;5;6;6;4;5;5;7;6;6;3;4;6;7;4;3;5;25;19;25;20;3;10;6,25;4,75;6,25;5,00;2,50
3959;H-2024;0;0;2;5;7;7;2;3;3;5;7;2;7;4;7;5;7;5;4;7;7;6;6;16;21;26;26;6;21;4,00;5,25;6,50;6,50;5,25
3036;H-2024;1;1;2;7;6;6;1;4;6;6;3;5;3;7;7;3;5;5;5;7;6;5;5;25;17;26;18;3;14;6,25;4,25;6,50;4,50;3,50
3626;H-2024;0;1;2;7;7;6;1;4;7;6;6;5;4;7;7;7;3;3;7;7;6;2;2;28;13;27;25;3;9;7,00;3,25;6,75;6,25;2,25
3276;H-2024;0;1;0;6;6;7;1;7;5;7;7;7;5;7;7;7;3;6;7;7;6;4;1;25;19;27;27;1;9;6,25;4,75;6,75;6,75;2,25
3362;H-2024;1;0;2;6;5;6;1;5;6;5;5;4;3;7;5;5;3;4;5;7;3;4;6;24;18;22;19;4;12;6,00;4,50;5,50;4,75;3,00
3898;H-2024;1;0;1;4;4;7;3;7;3;7;4;2;4;4;3;5;5;7;4;7;7;5;6;15;24;21;23;6;19;3,75;6,00;5,25;5,75;4,75
3785;H-2024;1;1;2;5;3;7;1;7;2;6;7;5;7;4;7;7;4;7;5;7;7;5;7;16;28;23;28;3;13;4,00;7,00;5,75;7,00;3,25
3708;H-2024;0;1;2;6;7;7;1;3;5;7;5;4;2;5;7;5;5;4;5;7;5;5;3;21;12;28;22;4;15;5,25;3,00;7,00;5,50;3,75
3086;H-2024;0;1;2;3;5;7;5;7;3;7;5;4;1;4;5;6;7;7;3;7;6;6;1;13;16;24;24;4;22;3,25;4,00;6,00;6,00;5,50
3138;H-2024;1;1;2;7;4;5;2;4;4;3;5;6;6;5;6;7;5;7;3;6;3;5;1;19;18;19;20;2;14;4,75;4,50;4,75;5,00;3,50
3344;H-2024;1;0;0;4;6;5;1;3;5;6;6;3;2;5;5;6;5;2;7;6;4;5;2;21;9;23;21;5;16;5,25;2,25;5,75;5,25;4,00
3211;H-2024;0;0;2;6;6;7;1;7;3;3;1;1;7;7;7;5;7;7;3;7;1;7;1;19;22;23;14;7;22;4,75;5,50;5,75;3,50;5,50
3461;H-2024;0;0;2;3;5;6;5;4;2;6;6;3;4;2;6;4;6;4;3;6;6;6;2;10;14;23;22;5;22;2,50;3,50;5,75;5,50;5,50
3942;H-2024;1;0;2;5;6;5;1;4;4;1;3;4;3;5;7;5;2;3;5;7;2;4;3;19;13;21;15;4;11;4,75;3,25;5,25;3,75;2,75
3681;H-2024;0;1;2;3;4;6;2;6;3;5;4;6;6;4;4;6;3;7;5;5;3;3;2;15;21;18;19;2;10;3,75;5,25;4,50;4,75;2,50
3946;H-2024;0;0;2;4;6;7;1;3;4;6;7;4;2;4;5;7;4;3;4;7;5;5;5;16;13;24;26;4;14;4,00;3,25;6,00;6,50;3,50
3667;H-2024;0;1;1;7;5;2;1;4;7;5;3;7;3;4;5;2;1;7;5;6;3;3;7;23;21;21;10;1;6;5,75;5,25;5,25;2,50;1,50
3727;H-2024;1;1;2;3;4;7;7;3;3;7;6;3;5;3;6;6;7;5;5;7;5;5;5;14;18;24;24;5;24;3,50;4,50;6,00;6,00;6,00
3079;H-2024;0;0;2;5;5;7;1;4;6;6;7;6;5;4;6;6;3;5;6;7;6;4;2;21;16;24;26;2;10;5,25;4,00;6,00;6,50;2,50
3542;H-2024;1;1;2;7;5;6;1;6;6;5;6;7;3;7;4;7;1;6;7;7;6;1;1;27;16;21;25;1;4;6,75;4,00;5,25;6,25;1,00
3851;H-2024;0;0;1;3;6;6;1;5;3;6;7;5;5;4;7;7;4;4;4;7;7;5;2;14;16;26;27;3;13;3,50;4,00;6,50;6,75;3,25
3634;H-2024;0;1;2;7;5;6;1;5;5;4;6;5;7;7;4;6;5;7;5;6;2;4;4;24;23;19;20;3;13;6,00;5,75;4,75;5,00;3,25
3714;H-2024;0;0;2;4;3;5;4;6;4;6;5;6;6;5;6;5;2;5;3;7;4;4;6;16;23;22;19;2;12;4,00;5,75;5,50;4,75;3,00
3717;H-2024;0;0;2;4;6;6;1;3;3;6;4;3;3;4;7;6;4;4;4;7;4;4;2;15;12;26;20;5;14;3,75;3,00;6,50;5,00;3,50
3929;H-2024;1;0;1;5;6;7;3;5;5;6;4;4;3;7;6;5;5;6;6;6;6;3;7;23;21;24;22;4;15;5,75;5,25;6,00;5,50;3,75
3838;H-2024;0;0;2;3;3;6;1;4;3;6;7;6;4;3;6;7;2;5;6;6;7;2;5;15;18;21;27;2;7;3,75;4,50;5,25;6,75;1,75
3501;H-2024;1;1;2;5;6;7;2;5;3;6;6;6;6;5;6;7;5;4;5;7;7;5;5;18;20;25;27;2;14;4,50;5,00;6,25;6,75;3,50
3700;H-2024;0;0;1;6;4;7;1;7;4;4;7;7;7;7;4;6;1;6;3;6;3;1;6;20;26;18;23;1;4;5,00;6,50;4,50;5,75;1,00
3854;H-2024;1;0;2;5;4;6;3;4;4;3;5;3;6;4;4;4;7;4;4;4;3;7;7;17;21;15;18;5;22;4,25;5,25;3,75;4,50;5,50
3611;H-2024;0;1;2;4;6;6;1;5;4;6;6;6;5;5;7;7;3;5;6;7;6;2;7;19;22;26;25;2;8;4,75;5,50;6,50;6,25;2,00
3495;H-2024;0;1;1;6;4;7;1;4;6;5;7;7;5;7;5;7;3;5;6;7;3;2;2;25;16;21;24;1;7;6,25;4,00;5,25;6,00;1,75
3371;H-2024;1;1;2;4;7;7;1;3;2;7;6;5;2;4;7;7;5;2;5;7;5;6;1;15;8;28;25;3;15;3,75;2,00;7,00;6,25;3,75
3380;H-2024;0;1;1;4;6;7;1;5;3;6;7;7;7;5;6;7;3;7;5;6;6;2;7;17;26;24;27;1;7;4,25;6,50;6,00;6,75;1,75
3097;H-2024;0;0;0;4;4;7;5;5;3;6;7;6;6;5;5;6;6;6;5;7;6;4;2;17;19;22;26;2;17;4,25;4,75;5,50;6,50;4,25
3049;H-2024;0;1;1;7;7;7;1;4;7;7;6;6;4;7;7;6;2;4;7;7;6;3;3;28;15;28;25;2;8;7,00;3,75;7,00;6,25;2,00
3754;H-2024;1;1;0;7;2;7;1;5;4;7;4;5;4;6;3;4;5;5;2;6;2;6;1;19;15;18;17;3;15;4,75;3,75;4,50;4,25;3,75
3687;H-2024;0;0;2;5;6;7;1;5;4;7;7;7;4;6;7;5;1;3;6;7;7;1;1;21;13;27;26;1;4;5,25;3,25;6,75;6,50;1,00
3815;H-2024;0;1;1;6;7;7;1;5;7;7;7;3;4;7;7;7;2;7;7;7;6;6;7;27;23;28;27;5;14;6,75;5,75;7,00;6,75;3,50
3469;H-2024;1;0;1;7;7;7;1;6;7;1;7;4;4;7;6;7;3;5;7;7;4;4;4;28;19;21;25;4;12;7,00;4,75;5,25;6,25;3,00
3260;H-2024;0;1;1;6;7;7;1;5;7;7;7;4;5;7;7;7;5;5;7;7;6;5;3;27;18;28;27;4;15;6,75;4,50;7,00;6,75;3,75
3931;H-2024;1;0;2;4;3;5;3;5;4;5;4;5;6;5;5;2;4;5;5;5;4;3;5;18;21;18;15;3;13;4,50;5,25;4,50;3,75;3,25
3654;H-2024;1;0;0;6;5;7;1;5;4;6;4;4;7;5;6;5;6;6;5;7;5;6;7;20;25;24;21;4;17;5,00;6,25;6,00;5,25;4,25
3475;H-2024;0;0;2;6;7;6;1;4;6;6;6;5;4;7;6;6;4;4;6;7;3;4;3;25;15;26;21;3;12;6,25;3,75;6,50;5,25;3,00
3174;H-2024;1;0;2;6;4;6;2;5;4;6;2;6;7;6;3;6;4;5;3;6;5;6;7;19;24;19;19;2;14;4,75;6,00;4,75;4,75;3,50
3145;H-2024;0;0;2;6;4;7;3;6;5;5;6;4;6;6;5;5;2;5;5;6;5;4;6;22;23;20;23;4;13;5,50;5,75;5,00;5,75;3,25
3554;H-2024;1;0;2;5;7;7;1;4;3;6;7;6;2;5;6;6;4;5;6;7;7;3;2;19;13;26;27;2;10;4,75;3,25;6,50;6,75;2,50
3432;H-2024;0;1;2;6;6;3;1;6;3;7;7;3;4;6;5;7;7;5;4;7;6;4;3;19;18;25;23;5;17;4,75;4,50;6,25;5,75;4,25
3183;H-2024;0;1;0;5;7;7;1;4;5;6;7;5;5;5;5;6;5;6;3;7;6;5;5;18;20;25;26;3;14;4,50;5,00;6,25;6,50;3,50
3347;H-2024;1;1;2;5;7;7;1;5;7;6;7;4;3;7;7;7;4;3;7;7;7;4;6;26;17;27;28;4;13;6,50;4,25;6,75;7,00;3,25
3886;H-2024;0;1;2;6;7;5;1;3;6;5;2;6;5;7;6;5;7;4;5;7;6;6;3;24;15;25;18;2;16;6,00;3,75;6,25;4,50;4,00
3074;H-2024;1;0;2;5;3;6;4;2;4;6;6;1;1;4;5;5;7;3;6;7;6;7;3;19;9;21;23;7;25;4,75;2,25;5,25;5,75;6,25
3952;H-2024;0;1;2;5;6;7;1;5;6;6;7;5;3;4;7;7;6;4;6;7;6;4;3;21;15;26;27;3;14;5,25;3,75;6,50;6,75;3,50
3142;H-2024;1;0;2;5;5;6;1;4;2;6;7;3;7;6;4;5;6;2;7;7;6;3;7;20;20;22;24;5;15;5,00;5,00;5,50;6,00;3,75
3486;H-2024;0;0;2;4;6;6;1;5;2;6;6;4;2;3;6;6;5;5;5;6;6;6;3;14;15;24;24;4;16;3,50;3,75;6,00;6,00;4,00
3981;H-2024;1;0;2;5;7;7;1;5;4;7;7;5;5;6;7;7;2;6;7;7;6;4;5;22;21;28;27;3;10;5,50;5,25;7,00;6,75;2,50
3118;H-2024;1;0;0;7;7;6;2;6;7;7;7;5;4;7;6;6;4;5;5;7;5;4;7;26;22;27;24;3;13;6,50;5,50;6,75;6,00;3,25
3271;H-2024;0;1;2;5;6;7;1;5;3;7;6;5;5;6;7;7;2;5;7;7;7;3;3;21;18;27;27;3;9;5,25;4,50;6,75;6,75;2,25
3551;H-2024;0;1;2;7;6;6;1;5;7;5;5;5;5;6;5;5;3;4;7;6;4;5;6;27;20;22;20;3;12;6,75;5,00;5,50;5,00;3,00
3309;H-2024;0;1;99;4;5;7;3;6;3;6;4;3;4;3;5;5;6;5;3;6;5;6;5;13;20;22;21;5;20;3,25;5,00;5,50;5,25;5,00
3357;H-2024;1;1;0;4;7;7;1;5;4;6;4;7;3;5;5;3;5;4;6;7;3;5;6;19;18;25;17;1;12;4,75;4,50;6,25;4,25;3,00
3252;H-2024;0;1;1;6;7;7;1;6;2;7;7;5;6;6;7;7;4;7;7;7;7;2;7;21;26;28;28;3;10;5,25;6,50;7,00;7,00;2,50
3984;H-2024;1;0;2;3;4;7;1;3;3;5;7;3;2;3;7;6;5;3;5;5;7;5;1;14;9;21;27;5;16;3,50;2,25;5,25;6,75;4,00
3900;H-2024;0;1;2;7;7;6;1;2;7;6;7;4;2;7;7;7;5;3;7;7;5;4;1;28;8;27;25;4;14;7,00;2,00;6,75;6,25;3,50
3678;H-2024;0;1;1;6;7;6;1;4;7;7;7;7;3;7;7;5;1;3;7;7;4;1;4;27;14;28;22;1;4;6,75;3,50;7,00;5,50;1,00
3459;H-2024;0;1;1;5;7;6;1;5;6;6;7;6;6;6;7;6;3;7;5;6;3;3;1;22;19;26;22;2;9;5,50;4,75;6,50;5,50;2,25
3061;H-2024;0;1;2;6;7;7;1;5;6;7;6;6;6;7;7;4;2;5;7;7;7;1;7;26;23;28;24;2;6;6,50;5,75;7,00;6,00;1,50
3566;H-2024;0;1;2;6;4;7;4;6;6;5;4;4;7;6;5;7;7;7;6;7;6;5;7;24;27;21;24;4;20;6,00;6,75;5,25;6,00;5,00
3820;H-2024;0;0;2;5;6;7;1;4;2;7;6;4;2;5;7;6;5;4;5;7;7;4;5;17;15;27;26;4;14;4,25;3,75;6,75;6,50;3,50
3840;H-2024;0;0;2;4;4;6;2;5;2;6;6;5;5;3;6;6;5;7;4;6;6;5;7;13;24;22;24;3;15;3,25;6,00;5,50;6,00;3,75
3752;H-2024;0;0;2;6;7;6;1;4;6;5;7;5;2;5;7;6;4;5;7;6;7;4;7;24;18;25;26;3;12;6,00;4,50;6,25;6,50;3,00
3179;H-2024;0;1;2;5;5;7;1;6;7;4;7;6;7;6;4;6;1;6;6;5;1;2;3;24;22;18;21;2;6;6,00;5,50;4,50;5,25;1,50
3882;H-2024;1;1;2;5;5;6;1;5;6;5;7;4;7;6;6;3;4;6;6;6;2;4;5;23;23;22;18;4;13;5,75;5,75;5,50;4,50;3,25
3272;H-2024;0;0;2;6;3;7;2;6;6;6;7;4;6;5;3;7;6;6;5;6;3;3;6;22;24;18;24;4;15;5,50;6,00;4,50;6,00;3,75
3076;H-2024;0;0;2;3;3;5;3;5;2;7;3;3;6;3;6;3;6;6;3;7;3;6;7;11;24;23;14;5;20;2,75;6,00;5,75;3,50;5,00
3087;H-2024;1;0;1;4;6;7;2;7;3;7;4;7;4;3;7;6;4;7;4;7;5;6;6;14;24;27;22;1;13;3,50;6,00;6,75;5,50;3,25
3224;H-2024;1;1;2;2;2;7;2;7;2;6;3;5;7;3;7;5;2;6;2;7;6;6;5;9;25;22;21;3;13;2,25;6,25;5,50;5,25;3,25
3545;H-2024;0;1;1;5;5;4;3;6;5;7;2;6;2;6;7;4;1;7;7;7;6;4;1;23;16;26;16;2;10;5,75;4,00;6,50;4,00;2,50
3845;H-2024;1;0;0;6;7;7;1;5;6;7;7;5;4;6;7;6;5;6;7;7;4;4;4;25;19;28;24;3;13;6,25;4,75;7,00;6,00;3,25
3383;H-2024;0;1;1;3;7;7;1;3;2;6;7;3;4;3;7;6;4;2;6;7;7;6;6;14;15;27;27;5;16;3,50;3,75;6,75;6,75;4,00
3782;H-2024;0;0;1;6;7;7;4;4;5;6;7;2;4;6;7;7;7;4;4;7;7;6;6;21;18;27;28;6;23;5,25;4,50;6,75;7,00;5,75
3906;H-2025;0;0;2;5;5;7;3;5;5;6;7;4;5;5;5;6;6;7;5;7;4;5;5;20;22;23;24;4;18;5,00;5,50;5,75;6,00;4,50
3831;H-2025;0;1;2;5;7;7;1;7;6;7;7;5;5;5;7;7;4;7;7;7;6;2;7;23;26;28;27;3;10;5,75;6,50;7,00;6,75;2,50
3274;H-2025;1;0;2;7;7;7;1;7;7;7;7;5;4;7;7;6;1;4;7;7;6;1;4;28;19;28;26;3;6;7,00;4,75;7,00;6,50;1,50
3768;H-2025;1;0;1;7;3;7;3;5;4;7;4;4;5;5;5;7;3;6;5;7;5;4;6;21;22;22;23;4;14;5,25;5,50;5,50;5,75;3,50
3214;H-2025;1;1;2;6;4;6;3;5;5;6;3;3;5;5;6;3;5;6;4;7;3;5;6;20;22;23;15;5;18;5,00;5,50;5,75;3,75;4,50
3168;H-2025;0;0;1;6;5;7;3;5;4;6;5;3;7;4;5;5;6;6;6;6;7;6;7;20;25;22;24;5;20;5,00;6,25;5,50;6,00;5,00
3994;H-2025;1;1;0;6;7;6;1;4;6;6;6;4;3;6;6;5;5;3;6;6;4;2;3;24;13;25;21;4;12;6,00;3,25;6,25;5,25;3,00
3788;H-2025;1;1;2;6;6;6;1;5;7;2;7;6;4;6;4;5;3;4;7;6;4;2;5;26;18;18;22;2;8;6,50;4,50;4,50;5,50;2,00
3871;H-2025;1;0;2;6;6;7;1;5;5;5;7;7;7;5;6;6;5;6;7;7;6;3;6;23;24;24;26;1;10;5,75;6,00;6,00;6,50;2,50
3191;H-2025;0;1;2;6;4;6;3;4;3;5;6;5;5;6;4;6;6;4;4;6;2;4;4;19;17;19;20;3;16;4,75;4,25;4,75;5,00;4,00
3843;H-2025;1;0;1;3;2;6;3;5;5;6;4;3;5;4;7;6;3;6;1;7;7;5;6;13;22;22;23;5;16;3,25;5,50;5,50;5,75;4,00
3771;H-2025;0;1;1;5;6;7;1;5;3;6;7;4;4;5;7;7;3;4;7;7;7;5;6;20;19;26;28;4;13;5,00;4,75;6,50;7,00;3,25
3694;H-2025;0;1;2;5;5;4;2;4;4;5;5;6;2;5;6;5;6;5;6;6;5;5;6;20;17;22;19;2;15;5,00;4,25;5,50;4,75;3,75
3543;H-2025;0;1;2;3;6;6;1;5;1;6;6;7;3;4;6;5;1;6;6;7;7;5;3;14;17;25;24;1;8;3,50;4,25;6,25;6,00;2,00
3908;H-2025;1;1;2;6;7;6;1;6;4;6;6;3;5;7;6;4;1;3;7;7;7;2;1;24;15;26;23;5;9;6,00;3,75;6,50;5,75;2,25
3170;H-2025;0;0;2;4;7;5;1;4;6;7;4;5;5;5;7;6;2;5;7;7;7;2;5;22;19;28;22;3;8;5,50;4,75;7,00;5,50;2,00
3530;H-2025;1;0;0;6;3;7;4;7;4;5;6;6;7;6;3;7;3;7;6;7;1;5;5;22;26;18;21;2;14;5,50;6,50;4,50;5,25;3,50
3666;H-2025;1;1;2;7;6;6;1;7;7;2;7;6;7;7;6;7;4;7;7;7;3;4;7;28;28;21;23;2;11;7,00;7,00;5,25;5,75;2,75
3067;H-2025;0;1;2;7;5;7;1;7;7;5;3;7;7;7;3;7;3;7;7;7;2;5;7;28;28;20;19;1;10;7,00;7,00;5,00;4,75;2,50
3964;H-2025;1;0;0;3;6;7;1;7;6;7;7;6;5;5;7;7;6;6;5;7;7;4;3;19;21;27;28;2;13;4,75;5,25;6,75;7,00;3,25
3479;H-2025;0;1;2;4;6;7;4;6;3;6;7;2;5;5;6;6;6;5;4;7;5;6;6;16;22;25;25;6;22;4,00;5,50;6,25;6,25;5,50
3277;H-2025;1;1;0;3;5;6;1;4;4;7;5;6;5;5;6;7;5;5;6;7;4;4;4;18;18;25;22;2;12;4,50;4,50;6,25;5,50;3,00
3182;H-2025;0;0;2;5;5;6;1;4;6;6;5;4;1;6;7;7;2;3;7;7;5;4;1;24;9;25;23;4;11;6,00;2,25;6,25;5,75;2,75
3034;H-2025;0;1;2;6;5;6;1;4;5;5;5;5;6;5;5;5;2;6;6;5;5;3;4;22;20;20;21;3;9;5,50;5,00;5,00;5,25;2,25
3655;H-2025;0;0;2;6;6;6;1;6;4;5;6;5;7;6;4;7;3;7;7;7;4;1;6;23;26;22;23;3;8;5,75;6,50;5,50;5,75;2,00
3504;H-2025;0;0;2;5;6;7;1;4;4;6;7;5;2;4;6;7;6;3;4;7;6;2;2;17;11;25;27;3;12;4,25;2,75;6,25;6,75;3,00
3562;H-2025;1;0;2;4;5;6;3;6;2;7;1;6;7;5;7;7;6;7;5;7;7;6;7;16;27;26;21;2;17;4,00;6,75;6,50;5,25;4,25
3928;H-2025;0;1;2;6;7;7;1;6;6;6;6;6;5;6;7;5;6;7;7;7;4;4;7;25;25;27;22;2;13;6,25;6,25;6,75;5,50;3,25
3896;H-2025;1;1;2;7;7;6;1;5;7;7;6;4;7;7;7;7;3;5;7;7;6;4;7;28;24;28;25;4;12;7,00;6,00;7,00;6,25;3,00
3983;H-2025;0;0;1;6;6;5;2;5;5;4;3;5;5;6;6;3;4;7;7;6;3;3;7;24;24;22;14;3;12;6,00;6,00;5,50;3,50;3,00
3979;H-2025;0;0;2;5;3;5;3;5;5;5;5;4;4;5;5;7;3;4;5;6;5;4;2;20;15;19;22;4;14;5,00;3,75;4,75;5,50;3,50
3531;H-2025;0;0;2;7;7;7;1;6;5;7;7;4;4;6;7;7;1;5;6;7;6;3;3;24;18;28;27;4;9;6,00;4,50;7,00;6,75;2,25
3664;H-2025;1;0;1;6;6;7;1;5;6;6;7;5;7;6;5;7;7;7;5;7;7;7;7;23;26;24;28;3;18;5,75;6,50;6,00;7,00;4,50
3606;H-2025;0;1;2;7;7;7;1;4;7;3;7;4;4;7;3;6;5;6;7;6;4;5;6;28;20;19;24;4;15;7,00;5,00;4,75;6,00;3,75
3350;H-2025;0;1;2;5;3;6;3;4;5;5;7;4;3;5;6;6;5;3;4;6;6;4;2;19;12;20;25;4;16;4,75;3,00;5,00;6,25;4,00
3127;H-2025;0;0;2;4;4;7;5;5;4;7;7;2;4;2;7;5;7;7;4;7;7;5;6;14;22;25;26;6;23;3,50;5,50;6,25;6,50;5,75
3858;H-2025;0;1;1;4;5;5;3;5;5;5;2;5;5;4;5;3;3;5;5;6;5;3;7;18;22;21;15;3;12;4,50;5,50;5,25;3,75;3,00
3031;H-2025;1;0;2;4;6;6;3;6;4;6;7;4;7;5;6;7;5;7;3;7;6;7;5;16;25;25;26;4;19;4,00;6,25;6,25;6,50;4,75
3547;H-2025;1;1;0;7;7;7;1;5;6;7;7;5;1;7;6;5;4;4;6;7;6;5;4;26;14;27;25;3;13;6,50;3,50;6,75;6,25;3,25
3724;H-2025;0;1;2;4;6;7;1;4;3;6;7;3;3;4;7;6;5;3;6;7;7;6;4;17;14;26;27;5;17;4,25;3,50;6,50;6,75;4,25
3508;H-2025;0;1;2;5;7;5;1;5;6;5;6;5;5;7;7;5;3;2;6;7;6;3;3;24;15;26;22;3;10;6,00;3,75;6,50;5,50;2,50
3491;H-2025;0;1;2;6;7;7;1;6;3;7;6;6;6;6;7;6;5;6;5;7;6;5;5;20;23;28;25;2;13;5,00;5,75;7,00;6,25;3,25
3308;H-2025;0;1;1;7;7;7;1;4;7;7;3;5;5;7;3;5;5;7;7;7;3;1;1;28;17;24;18;3;10;7,00;4,25;6,00;4,50;2,50
3615;H-2025;1;1;2;3;7;6;1;5;5;7;7;7;5;6;7;5;2;4;7;7;6;3;6;21;20;28;24;1;7;5,25;5,00;7,00;6,00;1,75
3580;H-2025;0;1;2;6;7;6;1;5;7;1;2;7;7;7;5;4;1;7;6;7;3;2;3;26;22;20;15;1;5;6,50;5,50;5,00;3,75;1,25
3653;H-2025;0;1;2;6;6;7;2;4;4;6;7;6;4;5;5;6;6;5;4;7;5;5;3;19;16;24;25;2;15;4,75;4,00;6,00;6,25;3,75
3208;H-2025;1;0;1;5;5;6;1;4;4;4;6;3;3;6;6;6;5;3;4;7;5;4;2;19;12;22;23;5;15;4,75;3,00;5,50;5,75;3,75
3561;H-2025;0;0;2;7;7;7;1;4;7;6;6;4;6;7;6;7;5;5;7;7;3;6;2;28;17;26;23;4;16;7,00;4,25;6,50;5,75;4,00
3011;H-2025;1;1;2;6;7;6;1;5;6;5;6;7;5;7;6;5;1;6;6;7;3;2;6;25;22;25;20;1;5;6,25;5,50;6,25;5,00;1,25
3149;H-2025;1;0;1;6;6;6;1;5;5;6;6;7;5;6;5;6;6;5;6;6;4;5;4;23;19;23;22;1;13;5,75;4,75;5,75;5,50;3,25
3382;H-2025;1;0;1;5;6;5;1;4;5;6;6;4;3;5;7;5;2;4;7;6;6;4;4;22;15;25;22;4;11;5,50;3,75;6,25;5,50;2,75
3591;H-2025;0;1;2;2;6;6;1;3;1;4;3;2;3;2;5;5;7;5;3;7;5;7;3;8;14;22;19;6;21;2,00;3,50;5,50;4,75;5,25
3349;H-2025;1;1;1;4;3;7;1;6;5;7;5;7;4;5;6;7;3;4;4;7;2;1;4;18;18;23;21;1;6;4,50;4,50;5,75;5,25;1,50
3478;H-2025;0;1;2;6;6;6;5;6;6;6;6;4;4;6;6;5;7;6;6;7;6;6;6;24;22;25;23;4;22;6,00;5,50;6,25;5,75;5,50
3210;H-2025;1;1;0;2;7;7;2;7;1;4;7;6;6;3;7;6;6;4;3;7;6;5;7;9;24;25;26;2;15;2,25;6,00;6,25;6,50;3,75
3711;H-2025;1;0;2;3;6;7;4;7;2;7;1;4;6;3;7;5;6;6;3;7;4;5;5;11;24;27;17;4;19;2,75;6,00;6,75;4,25;4,75
3996;H-2025;1;1;2;5;6;6;1;7;6;6;4;7;7;6;7;5;5;7;7;7;6;2;2;24;23;26;21;1;9;6,00;5,75;6,50;5,25;2,25
3899;H-2025;1;0;2;7;5;7;5;7;4;7;7;7;7;7;7;7;5;7;5;7;7;1;1;23;22;26;28;1;12;5,75;5,50;6,50;7,00;3,00
3019;H-2025;0;0;2;4;6;6;2;5;3;6;5;5;4;4;6;5;4;4;4;6;6;6;5;15;18;24;22;3;15;3,75;4,50;6,00;5,50;3,75
3966;H-2025;1;0;2;1;1;7;4;5;1;3;7;6;3;1;2;7;6;5;2;5;5;3;5;5;18;11;26;2;15;1,25;4,50;2,75;6,50;3,75
3730;H-2025;1;0;2;7;7;7;4;5;7;7;7;5;7;7;6;7;5;4;6;7;6;4;6;27;22;27;27;3;16;6,75;5,50;6,75;6,75;4,00
3617;H-2025;0;1;2;5;6;7;1;5;4;7;4;4;7;4;7;5;5;7;5;7;6;4;6;18;25;27;22;4;14;4,50;6,25;6,75;5,50;3,50
3784;H-2025;0;0;2;3;4;6;3;5;3;6;4;4;6;4;5;6;6;6;4;6;5;5;3;14;20;21;21;4;18;3,50;5,00;5,25;5,25;4,50
3834;H-2025;0;1;2;2;3;6;2;4;1;6;7;4;5;1;7;6;5;6;3;6;6;3;7;7;22;22;25;4;14;1,75;5,50;5,50;6,25;3,50
3235;H-2025;0;1;1;7;6;6;1;5;6;6;5;5;3;7;6;5;3;4;7;6;5;3;6;27;18;24;21;3;10;6,75;4,50;6,00;5,25;2,50
3937;H-2025;0;0;1;5;6;5;2;4;4;6;6;5;2;5;6;6;6;2;7;7;5;5;1;21;9;25;22;3;16;5,25;2,25;6,25;5,50;4,00
3669;H-2025;0;1;2;5;4;7;2;4;6;6;6;3;6;5;7;7;5;4;6;6;4;5;5;22;19;23;24;5;17;5,50;4,75;5,75;6,00;4,25
3313;H-2025;0;1;2;5;7;7;1;6;5;7;6;3;5;5;1;7;6;5;5;7;7;6;6;20;22;22;27;5;18;5,00;5,50;5,50;6,75;4,50
3487;H-2025;1;1;2;4;6;7;1;4;5;6;7;4;1;4;7;4;4;3;6;7;6;3;4;19;12;26;24;4;12;4,75;3,00;6,50;6,00;3,00
3120;H-2025;1;1;2;5;4;7;1;4;5;6;6;5;5;4;7;4;3;5;5;7;7;2;7;19;21;24;24;3;9;4,75;5,25;6,00;6,00;2,25
3346;H-2025;1;1;2;4;5;7;4;5;3;6;7;4;4;1;6;7;3;5;3;7;6;3;7;11;21;24;27;4;14;2,75;5,25;6,00;6,75;3,50
3439;H-2025;1;1;2;4;4;6;1;1;4;7;4;5;5;4;7;6;2;1;4;6;2;5;1;16;8;24;18;3;11;4,00;2,00;6,00;4,50;2,75
3852;H-2025;1;0;2;5;6;7;1;4;4;6;6;5;5;5;7;7;3;4;5;7;5;3;5;19;18;26;25;3;10;4,75;4,50;6,50;6,25;2,50
3199;H-2025;0;0;2;5;6;5;1;5;5;5;6;6;4;5;3;5;2;4;6;5;6;4;2;21;15;19;22;2;9;5,25;3,75;4,75;5,50;2,25
3696;H-2025;0;1;2;6;5;7;1;4;5;5;6;5;4;6;4;5;4;7;6;7;6;4;2;23;17;21;24;3;12;5,75;4,25;5,25;6,00;3,00
3165;H-2025;1;1;1;4;7;7;1;4;5;7;6;4;2;4;7;7;2;3;7;7;5;3;2;20;11;28;25;4;10;5,00;2,75;7,00;6,25;2,50
3198;H-2025;1;1;0;7;6;7;1;5;7;7;6;6;5;6;7;7;5;5;6;7;7;3;4;26;19;27;27;2;11;6,50;4,75;6,75;6,75;2,75
3614;H-2025;0;0;2;4;5;5;3;2;4;4;5;3;3;4;3;3;5;3;4;5;4;5;3;16;11;17;17;5;18;4,00;2,75;4,25;4,25;4,50
3880;H-2025;0;1;2;5;7;6;1;4;6;6;7;5;3;6;7;6;2;3;7;7;7;2;5;24;15;27;26;3;8;6,00;3,75;6,75;6,50;2,00
3152;H-2025;1;1;2;5;7;6;1;6;6;7;2;3;5;6;7;3;5;6;6;7;4;5;7;23;24;28;15;5;16;5,75;6,00;7,00;3,75;4,00
3454;H-2025;1;1;1;7;7;7;4;6;4;7;6;7;7;5;6;6;3;6;7;7;7;1;1;23;20;27;26;1;9;5,75;5,00;6,75;6,50;2,25
3372;H-2025;0;0;2;5;6;7;1;6;5;6;2;4;6;6;7;5;7;6;4;7;6;5;7;20;25;26;20;4;17;5,00;6,25;6,50;5,00;4,25
3618;H-2025;0;1;2;6;7;7;1;5;6;6;7;6;5;7;7;7;1;5;7;7;5;3;3;26;18;27;26;2;7;6,50;4,50;6,75;6,50;1,75
3285;H-2025;0;1;2;2;4;7;5;6;2;7;6;7;7;2;7;4;7;4;5;7;6;5;5;11;22;25;23;1;18;2,75;5,50;6,25;5,75;4,50
3535;H-2025;1;1;1;6;7;6;1;7;6;7;7;7;7;7;7;7;1;7;7;7;7;1;7;26;28;28;27;1;4;6,50;7,00;7,00;6,75;1,00
3399;H-2025;1;0;2;4;6;7;1;6;4;7;6;7;6;4;6;5;1;6;4;7;6;2;3;16;21;26;24;1;5;4,00;5,25;6,50;6,00;1,25
3985;H-2025;0;0;2;7;7;5;2;5;7;6;6;3;5;7;7;5;4;3;7;6;6;4;7;28;20;26;22;5;15;7,00;5,00;6,50;5,50;3,75
3001;H-2025;0;0;2;4;6;7;1;4;3;6;7;3;5;4;6;6;4;6;4;7;5;6;6;15;21;25;25;5;16;3,75;5,25;6,25;6,25;4,00
3609;H-2025;0;0;2;5;6;7;1;4;4;6;7;5;4;5;7;7;5;4;7;7;7;5;5;21;17;26;28;3;14;5,25;4,25;6,50;7,00;3,50
3241;H-2025;0;1;2;7;7;7;2;5;7;7;6;7;6;7;6;5;4;5;7;7;3;3;4;28;20;27;21;1;10;7,00;5,00;6,75;5,25;2,50
3563;H-2025;0;1;1;2;2;6;7;6;1;6;3;3;5;2;7;6;7;6;1;7;3;7;7;6;24;22;18;5;26;1,50;6,00;5,50;4,50;6,50
3497;H-2025;0;1;2;6;6;7;1;5;5;6;7;5;4;6;6;6;4;5;7;7;5;6;6;24;20;25;25;3;14;6,00;5,00;6,25;6,25;3,50
3779;H-2025;0;1;1;5;4;6;6;7;5;7;6;7;7;6;5;6;1;7;4;7;3;1;7;20;28;23;21;1;9;5,00;7,00;5,75;5,25;2,25
3557;H-2025;1;0;1;7;7;7;1;7;6;7;7;7;7;7;7;7;1;2;7;7;7;2;3;27;19;28;28;1;5;6,75;4,75;7,00;7,00;1,25
3633;H-2025;1;1;2;5;6;7;2;6;6;5;6;4;6;5;6;6;2;4;5;6;4;2;1;21;17;23;23;4;10;5,25;4,25;5,75;5,75;2,50
3808;H-2025;0;1;2;6;6;7;1;4;7;6;5;5;5;6;6;7;4;5;7;6;6;2;4;26;18;24;25;3;10;6,50;4,50;6,00;6,25;2,50
3348;H-2025;0;0;2;5;6;6;2;6;4;6;6;6;5;4;6;7;4;5;7;7;6;3;6;20;22;25;25;2;11;5,00;5,50;6,25;6,25;2,75
3201;H-2025;1;0;2;6;6;6;2;4;3;7;6;2;4;5;6;7;4;2;5;7;5;7;4;19;14;26;24;6;19;4,75;3,50;6,50;6,00;4,75
3891;H-2025;1;0;2;4;7;6;1;5;3;7;6;5;5;4;7;6;6;5;4;7;7;5;4;15;19;28;25;3;15;3,75;4,75;7,00;6,25;3,75
3419;H-2025;1;1;2;5;7;6;1;5;3;6;6;7;5;6;6;7;3;6;7;7;5;3;4;21;20;26;24;1;8;5,25;5,00;6,50;6,00;2,00
3390;H-2025;0;1;2;6;6;7;4;6;6;7;6;4;7;4;7;7;7;4;6;7;7;5;7;22;24;27;27;4;20;5,50;6,00;6,75;6,75;5,00
3875;H-2025;0;0;2;5;2;5;5;6;2;7;4;6;6;5;4;5;6;7;3;7;4;4;5;15;24;20;18;2;17;3,75;6,00;5,00;4,50;4,25
3735;H-2025;0;1;0;6;6;6;1;4;6;5;4;5;2;6;7;6;3;6;6;7;5;2;4;24;16;25;21;3;9;6,00;4,00;6,25;5,25;2,25
3658;H-2025;0;1;2;4;5;6;1;5;4;4;6;6;5;5;6;6;3;5;7;6;7;2;2;20;17;21;25;2;8;5,00;4,25;5,25;6,25;2,00
3025;H-2025;1;0;0;5;5;6;1;4;4;6;7;7;4;6;7;4;5;4;6;5;6;4;5;21;17;23;23;1;11;5,25;4,25;5,75;5,75;2,75
3761;H-2025;1;1;2;4;4;7;2;5;2;7;4;4;4;4;6;7;5;6;4;4;4;5;4;14;19;21;22;4;16;3,50;4,75;5,25;5,50;4,00
3341;H-2025;1;0;1;5;7;7;1;6;6;6;1;6;3;4;7;7;2;3;7;7;6;4;6;22;18;27;21;2;9;5,50;4,50;6,75;5,25;2,25
3662;H-2025;1;0;2;4;6;6;2;4;4;5;4;3;5;4;6;6;6;4;4;6;6;6;5;16;18;23;22;5;19;4,00;4,50;5,75;5,50;4,75
3657;H-2025;1;0;1;4;4;6;3;4;2;6;4;3;5;2;6;5;6;5;2;7;5;5;5;10;19;23;20;5;19;2,50;4,75;5,75;5,00;4,75
3638;H-2025;0;1;2;4;6;6;2;3;2;6;6;6;3;4;7;7;5;3;5;6;6;5;3;15;12;25;25;2;14;3,75;3,00;6,25;6,25;3,50
3514;H-2025;1;0;1;5;3;7;1;4;3;6;4;7;5;6;7;7;5;3;4;6;6;2;2;18;14;22;24;1;9;4,50;3,50;5,50;6,00;2,25
3161;H-2025;0;1;1;6;7;7;2;5;5;7;5;6;5;7;7;6;4;5;7;7;5;3;6;25;21;28;23;2;11;6,25;5,25;7,00;5,75;2,75
3075;H-2025;0;1;2;5;4;6;4;5;3;7;3;3;4;5;6;3;5;5;3;7;4;7;5;16;19;24;16;5;21;4,00;4,75;6,00;4,00;5,25
3570;H-2025;1;0;2;4;4;5;1;4;5;7;7;7;2;2;5;6;4;3;4;6;6;4;2;15;11;22;24;1;10;3,75;2,75;5,50;6,00;2,50
3698;H-2025;0;0;2;5;5;5;4;6;3;5;2;5;5;4;6;6;5;6;2;6;5;4;7;14;24;22;18;3;16;3,50;6,00;5,50;4,50;4,00
3960;H-2025;1;1;2;6;4;7;2;6;4;7;5;5;6;6;5;7;5;6;3;7;6;3;7;19;25;23;25;3;13;4,75;6,25;5,75;6,25;3,25
3400;V-2025;0;1;1;6;5;7;2;4;5;6;6;5;6;6;6;7;6;6;6;7;5;5;2;23;18;24;25;3;16;5,75;4,50;6,00;6,25;4,00
3954;V-2025;0;0;2;6;6;7;4;6;5;7;6;3;5;6;7;6;6;5;6;7;4;5;5;23;21;27;23;5;20;5,75;5,25;6,75;5,75;5,00
3674;V-2025;1;1;2;3;3;7;3;3;2;5;5;5;5;4;3;4;6;6;4;5;3;4;4;13;18;16;19;3;16;3,25;4,50;4,00;4,75;4,00
3321;V-2025;1;1;1;4;5;7;5;7;3;6;7;5;4;5;3;7;5;5;3;7;7;6;5;15;21;21;28;3;19;3,75;5,25;5,25;7,00;4,75
3917;V-2025;0;1;2;7;7;7;1;5;7;5;4;7;7;7;4;5;1;4;7;5;5;1;7;28;23;21;21;1;4;7,00;5,75;5,25;5,25;1,00
3796;V-2025;1;1;2;7;7;6;1;5;7;5;4;6;7;7;6;5;3;7;7;7;6;1;7;28;26;25;21;2;7;7,00;6,50;6,25;5,25;1,75
3284;V-2025;1;0;2;4;7;7;1;7;2;7;7;7;7;5;7;7;5;7;6;7;7;1;7;17;28;28;28;1;8;4,25;7,00;7,00;7,00;2,00
3812;V-2025;1;1;2;2;4;4;1;1;3;5;4;6;3;2;6;4;5;5;3;5;2;7;5;10;14;20;14;2;15;2,50;3,50;5,00;3,50;3,75
3805;V-2025;0;1;2;7;7;7;2;5;7;6;7;7;7;7;7;7;7;6;7;7;6;2;7;28;25;27;27;1;12;7,00;6,25;6,75;6,75;3,00
3319;V-2025;1;1;2;6;6;6;1;6;5;6;6;6;6;6;6;7;3;6;6;7;7;4;6;23;24;25;26;2;10;5,75;6,00;6,25;6,50;2,50
3462;V-2025;1;0;1;5;4;5;4;4;4;5;7;6;4;3;5;7;5;5;4;6;5;3;2;16;15;20;24;2;14;4,00;3,75;5,00;6,00;3,50
3128;V-2025;1;0;2;6;3;7;1;6;4;7;4;7;7;7;4;5;2;7;5;7;4;3;7;22;27;21;20;1;7;5,50;6,75;5,25;5,00;1,75
3828;V-2025;0;1;2;5;5;7;1;6;6;4;7;7;6;5;4;7;2;7;6;7;5;2;5;22;24;20;26;1;6;5,50;6,00;5,00;6,50;1,50
3718;V-2025;1;0;2;4;5;7;4;4;4;6;6;5;3;4;6;6;7;5;4;6;4;6;3;16;15;23;23;3;20;4,00;3,75;5,75;5,75;5,00
3136;V-2025;0;0;0;3;6;7;1;4;3;6;7;6;6;5;7;7;5;6;6;7;7;2;4;17;20;26;28;2;10;4,25;5,00;6,50;7,00;2,50
3051;V-2025;0;1;1;6;6;7;1;4;7;6;4;6;6;7;7;6;2;5;7;7;7;2;7;27;22;26;24;2;7;6,75;5,50;6,50;6,00;1,75
3863;V-2025;0;0;2;4;5;6;2;4;3;5;3;6;4;4;4;3;5;4;6;6;3;5;6;17;18;20;15;2;14;4,25;4,50;5,00;3,75;3,50
3927;V-2025;0;1;2;6;7;6;4;2;4;6;7;6;1;6;7;7;5;3;7;7;7;4;1;23;7;27;27;2;15;5,75;1,75;6,75;6,75;3,75
3477;V-2025;1;0;1;4;7;7;1;5;2;7;4;4;5;3;7;6;6;5;7;7;7;7;7;16;22;28;24;4;18;4,00;5,50;7,00;6,00;4,50
3222;V-2025;0;1;1;5;6;6;2;4;6;5;5;5;2;5;6;5;4;3;6;6;5;4;2;22;11;23;21;3;13;5,50;2,75;5,75;5,25;3,25
3352;V-2025;0;0;2;4;5;6;2;4;3;5;5;6;3;4;5;5;2;5;5;7;5;5;2;16;14;22;21;2;11;4,00;3,50;5,50;5,25;2,75
3085;V-2025;0;0;2;6;3;6;3;4;4;3;7;6;6;5;5;6;6;5;3;6;6;7;7;18;22;17;25;2;18;4,50;5,50;4,25;6,25;4,50
3131;V-2025;0;0;2;5;6;6;1;6;6;4;6;5;5;5;6;6;3;6;7;7;5;2;6;23;23;23;23;3;9;5,75;5,75;5,75;5,75;2,25
3842;V-2025;0;1;2;7;7;5;2;6;7;6;3;6;6;7;7;5;3;5;7;7;4;1;7;28;24;27;17;2;8;7,00;6,00;6,75;4,25;2,00
3150;V-2025;0;1;2;7;5;7;1;7;7;4;2;4;7;7;7;6;5;7;7;7;4;4;7;28;28;23;19;4;14;7,00;7,00;5,75;4,75;3,50
3159;V-2025;0;1;1;7;7;6;2;6;6;4;4;3;3;7;4;5;5;4;6;7;3;5;1;26;14;22;18;5;17;6,50;3,50;5,50;4,50;4,25
3361;V-2025;0;0;2;6;7;5;1;4;6;6;6;6;2;6;6;6;2;6;7;7;6;2;2;25;14;26;23;2;7;6,25;3,50;6,50;5,75;1,75
3729;V-2025;1;1;0;7;6;7;3;4;6;7;6;3;1;5;7;6;5;2;5;7;4;5;3;23;10;27;23;5;18;5,75;2,50;6,75;5,75;4,50
3675;V-2025;1;1;1;7;6;7;2;4;3;6;7;7;5;7;7;6;5;4;5;6;6;2;3;22;16;25;26;1;10;5,50;4,00;6,25;6,50;2,50
3227;V-2025;1;0;0;3;5;6;1;6;3;7;4;7;7;5;6;6;1;7;7;7;6;2;1;18;21;25;22;1;5;4,50;5,25;6,25;5,50;1,25
3374;V-2025;0;0;1;4;6;7;1;4;2;5;7;5;4;5;5;7;6;5;4;7;5;6;5;15;18;23;26;3;16;3,75;4,50;5,75;6,50;4,00
3391;V-2025;0;0;2;7;6;5;1;4;6;2;4;5;3;7;6;5;2;3;7;6;3;3;3;27;13;20;17;3;9;6,75;3,25;5,00;4,25;2,25
3331;V-2025;1;0;0;6;5;7;1;4;4;6;5;4;6;6;4;7;5;7;6;6;2;5;4;22;21;21;21;4;15;5,50;5,25;5,25;5,25;3,75
3204;V-2025;1;0;2;3;5;7;2;5;3;6;7;5;5;2;5;7;7;3;6;7;7;6;3;14;16;23;28;3;18;3,50;4,00;5,75;7,00;4,50
3057;V-2025;0;1;0;7;6;7;6;6;7;6;5;6;6;6;2;5;6;6;6;5;2;3;5;26;23;19;19;2;17;6,50;5,75;4,75;4,75;4,25
3541;V-2025;1;1;2;3;3;7;2;5;2;6;7;2;3;1;7;6;6;4;3;7;7;6;6;9;18;23;27;6;20;2,25;4,50;5,75;6,75;5,00
3377;V-2025;0;0;1;5;6;6;4;4;6;2;6;4;2;7;5;4;4;5;6;5;4;5;2;24;13;18;20;4;17;6,00;3,25;4,50;5,00;4,25
3639;V-2025;1;0;2;6;6;6;1;5;5;5;2;4;4;6;5;7;6;5;4;5;5;5;5;21;19;21;20;4;16;5,25;4,75;5,25;5,00;4,00
3055;V-2025;1;0;2;5;5;5;1;5;4;6;5;6;7;6;5;4;1;5;5;7;3;5;7;20;24;23;17;2;9;5,00;6,00;5,75;4,25;2,25
3494;V-2025;0;0;2;4;4;6;2;5;4;5;6;7;4;5;4;5;1;4;6;6;3;1;5;19;18;19;20;1;5;4,75;4,50;4,75;5,00;1,25
3279;V-2025;0;1;2;6;6;6;1;5;6;6;7;6;5;6;6;6;2;5;6;7;6;2;4;24;19;25;25;2;7;6,00;4,75;6,25;6,25;1,75
3682;V-2025;1;1;1;7;7;7;1;4;7;6;7;6;1;6;7;7;2;7;7;7;7;1;7;27;19;27;28;2;6;6,75;4,75;6,75;7,00;1,50
3132;V-2025;1;0;2;5;7;7;1;6;6;5;7;6;6;6;7;6;3;6;7;7;6;1;7;24;25;26;26;2;7;6,00;6,25;6,50;6,50;1,75
3943;V-2025;0;1;1;6;7;7;4;1;4;7;6;2;4;5;7;7;7;7;7;7;6;4;1;22;13;28;26;6;21;5,50;3,25;7,00;6,50;5,25
3263;V-2025;0;0;2;5;6;7;2;5;5;6;2;5;3;6;7;6;4;6;6;7;6;2;6;22;20;26;21;3;11;5,50;5,00;6,50;5,25;2,75
3885;V-2025;0;0;2;5;4;6;1;5;5;5;5;6;7;5;6;6;2;7;6;6;4;2;7;21;26;21;21;2;7;5,25;6,50;5,25;5,25;1,75
3340;V-2025;1;0;2;6;5;7;1;5;5;7;7;7;4;5;7;7;2;6;7;7;5;3;1;23;16;26;26;1;7;5,75;4,00;6,50;6,50;1,75
3849;V-2025;1;1;2;4;4;5;6;6;4;4;3;5;7;4;6;3;4;6;5;6;4;3;7;17;26;20;15;3;16;4,25;6,50;5,00;3,75;4,00
3238;V-2025;0;1;2;5;7;6;1;5;5;6;6;5;4;5;7;6;2;3;7;7;6;2;5;22;17;27;24;3;8;5,50;4,25;6,75;6,00;2,00
3977;V-2025;1;1;2;6;6;6;1;5;6;6;6;5;6;7;7;6;3;7;6;7;5;5;7;25;25;26;23;3;12;6,25;6,25;6,50;5,75;3,00
3630;V-2025;0;1;2;7;6;6;1;4;5;5;5;4;5;7;3;4;3;5;6;7;2;5;6;25;20;21;17;4;13;6,25;5,00;5,25;4,25;3,25
3223;V-2025;1;1;1;7;6;7;1;6;6;7;6;7;4;7;7;6;1;6;6;7;7;2;4;26;20;27;26;1;5;6,50;5,00;6,75;6,50;1,25
3354;V-2025;0;0;2;6;7;7;1;4;5;7;5;4;6;6;7;5;5;5;7;7;7;5;7;24;22;28;24;4;15;6,00;5,50;7,00;6,00;3,75
3218;V-2025;0;1;2;4;6;7;1;5;3;6;7;4;4;5;7;6;2;4;7;6;6;3;3;19;16;25;26;4;10;4,75;4,00;6,25;6,50;2,50
3187;V-2025;1;0;2;5;4;6;2;5;3;6;7;6;5;4;7;4;5;5;4;7;7;4;3;16;18;24;24;2;13;4,00;4,50;6,00;6,00;3,25
3485;V-2025;1;0;99;5;7;6;1;5;6;7;7;6;4;5;6;6;4;5;7;7;7;5;7;23;21;27;26;2;12;5,75;5,25;6,75;6,50;3,00
3750;V-2025;1;0;0;2;1;7;1;5;3;6;6;5;4;2;6;5;4;4;6;7;6;5;5;13;18;20;24;3;13;3,25;4,50;5,00;6,00;3,25
3023;V-2025;0;1;1;5;7;6;1;5;5;6;6;6;5;6;6;6;4;4;5;7;4;3;4;21;18;26;22;2;10;5,25;4,50;6,50;5,50;2,50
3573;V-2025;1;0;2;5;3;4;3;5;2;5;5;1;5;6;5;3;5;7;3;6;2;5;4;16;21;19;14;7;20;4,00;5,25;4,75;3,50;5,00
3941;V-2025;0;0;1;7;5;5;3;6;6;6;4;6;6;7;6;5;4;5;6;7;4;3;7;26;24;24;18;2;12;6,50;6,00;6,00;4,50;3,00
3686;V-2025;1;0;2;5;6;6;1;5;5;6;4;4;5;5;6;5;4;4;3;5;4;4;4;18;18;23;19;4;13;4,50;4,50;5,75;4,75;3,25
3250;V-2025;0;1;1;5;6;6;1;5;6;5;3;5;5;3;6;6;1;5;7;7;4;1;3;21;18;24;19;3;6;5,25;4,50;6,00;4,75;1,50
3343;V-2025;0;1;2;7;6;6;1;5;5;5;7;4;4;7;5;5;6;6;7;7;4;4;2;26;17;23;22;4;15;6,50;4,25;5,75;5,50;3,75
3706;V-2025;1;0;0;7;7;7;1;5;4;6;3;7;4;7;7;7;5;4;7;7;4;2;1;25;14;27;21;1;9;6,25;3,50;6,75;5,25;2,25
3305;V-2025;1;0;0;3;6;6;2;4;2;7;6;5;3;4;7;7;4;2;6;7;5;6;5;15;14;27;24;3;15;3,75;3,50;6,75;6,00;3,75
3123;V-2025;1;1;2;5;6;6;3;4;3;5;4;3;5;5;7;6;2;5;6;6;5;3;5;19;19;24;21;5;13;4,75;4,75;6,00;5,25;3,25
3857;V-2025;0;1;2;4;7;5;1;4;5;5;6;7;5;7;7;6;2;6;7;7;5;3;6;23;21;26;22;1;7;5,75;5,25;6,50;5,50;1,75
3645;V-2025;0;1;2;6;7;7;1;4;6;6;7;2;2;5;7;6;7;2;6;7;7;6;5;23;13;27;27;6;20;5,75;3,25;6,75;6,75;5,00
3745;V-2025;0;0;2;2;7;7;2;6;1;6;7;6;7;2;7;7;7;6;6;7;6;7;3;11;22;27;27;2;18;2,75;5,50;6,75;6,75;4,50
3907;V-2025;1;0;0;3;4;6;2;4;3;5;4;4;5;2;6;5;4;5;3;7;6;6;7;11;21;22;21;4;16;2,75;5,25;5,50;5,25;4,00
3038;V-2025;1;0;0;7;7;7;1;7;7;7;7;6;6;6;7;7;2;6;7;7;7;1;6;27;25;28;28;2;6;6,75;6,25;7,00;7,00;1,50
3292;V-2025;1;0;2;4;4;7;4;3;2;7;6;3;6;1;6;6;4;1;7;7;7;5;7;14;17;24;26;5;18;3,50;4,25;6,00;6,50;4,50
3565;V-2025;0;0;2;6;6;4;2;5;6;5;5;4;3;6;3;6;3;5;6;6;4;2;3;24;16;20;19;4;11;6,00;4,00;5,00;4,75;2,75
3920;V-2025;1;1;0;5;4;5;3;5;4;5;3;3;4;5;7;6;5;4;3;6;4;4;5;17;18;22;18;5;17;4,25;4,50;5,50;4,50;4,25
3685;V-2025;1;1;0;4;2;7;1;5;1;6;6;2;6;6;7;5;4;2;5;6;4;7;3;16;16;21;22;6;18;4,00;4,00;5,25;5,50;4,50
3366;V-2025;0;1;1;6;6;5;2;6;5;2;6;4;5;6;5;6;4;6;5;5;4;4;6;22;23;18;21;4;14;5,50;5,75;4,50;5,25;3,50
3533;V-2025;1;0;1;2;6;7;2;5;5;7;6;2;5;3;7;6;4;6;6;7;4;5;2;16;18;27;23;6;17;4,00;4,50;6,75;5,75;4,25
3422;V-2025;1;1;0;5;5;6;1;3;4;6;6;6;4;5;6;5;2;5;3;7;6;4;3;17;15;24;23;2;9;4,25;3,75;6,00;5,75;2,25
3112;V-2025;0;1;2;6;5;7;3;5;5;5;5;3;5;6;6;5;5;5;5;5;5;5;2;22;17;21;22;5;18;5,50;4,25;5,25;5,50;4,50
3396;V-2025;1;1;2;6;6;6;1;7;7;6;5;7;7;6;5;5;3;7;6;6;3;5;6;25;27;23;19;1;10;6,25;6,75;5,75;4,75;2,50
3124;V-2025;0;1;2;5;6;6;1;2;5;6;7;4;3;5;6;6;3;2;6;6;7;5;2;21;9;24;26;4;13;5,25;2,25;6,00;6,50;3,25
3356;V-2025;0;0;2;6;3;6;2;3;3;5;4;4;3;5;5;6;6;5;4;6;6;7;6;18;17;19;22;4;19;4,50;4,25;4,75;5,50;4,75
3550;V-2025;1;0;1;4;7;7;1;6;5;7;7;6;1;4;7;7;4;4;7;7;7;4;2;20;13;28;28;2;11;5,00;3,25;7,00;7,00;2,75
3091;V-2025;0;1;1;3;5;7;1;4;6;5;5;6;6;5;6;5;2;7;6;7;4;2;5;20;22;23;21;2;7;5,00;5,50;5,75;5,25;1,75
3259;V-2025;1;0;2;4;4;6;3;5;2;7;3;4;3;6;6;3;6;5;6;7;6;4;4;18;17;24;18;4;17;4,50;4,25;6,00;4,50;4,25
3925;V-2025;1;0;1;1;6;7;1;6;2;7;6;7;6;1;7;6;2;7;7;7;7;2;1;11;20;27;26;1;6;2,75;5,00;6,75;6,50;1,50
3936;V-2025;0;1;1;7;7;6;1;6;6;7;3;5;5;7;7;6;2;5;6;7;6;1;4;26;20;28;21;3;7;6,50;5,00;7,00;5,25;1,75
3817;V-2025;1;0;0;5;6;7;2;6;3;7;7;7;2;6;7;6;7;6;4;7;7;4;1;18;15;27;27;1;14;4,50;3,75;6,75;6,75;3,50
3017;V-2025;1;1;1;4;6;7;1;3;4;6;4;3;6;5;6;6;6;5;6;6;7;6;7;19;21;24;24;5;18;4,75;5,25;6,00;6,00;4,50
3534;V-2025;0;1;2;5;7;7;1;6;6;6;6;5;6;5;7;4;5;5;6;7;3;6;7;22;24;27;20;3;15;5,50;6,00;6,75;5,00;3,75
3306;V-2025;0;0;2;4;6;7;1;5;5;5;5;5;5;6;7;6;5;5;5;7;6;4;2;20;17;25;24;3;13;5,00;4,25;6,25;6,00;3,25
3417;V-2025;0;1;1;5;4;5;3;4;4;6;5;2;4;5;4;6;5;5;5;5;5;5;4;19;17;19;21;6;19;4,75;4,25;4,75;5,25;4,75
3464;V-2025;1;0;1;4;6;7;1;6;4;7;7;7;4;6;7;7;4;1;7;7;7;3;7;21;18;27;28;1;9;5,25;4,50;6,75;7,00;2,25
3868;V-2025;1;1;2;6;6;7;2;6;6;6;3;5;6;6;4;5;2;6;6;6;4;2;6;24;24;22;19;3;9;6,00;6,00;5,50;4,75;2,25
3234;V-2025;0;1;2;7;7;7;1;7;3;7;7;6;7;6;7;7;2;6;7;7;6;7;5;23;25;28;27;2;12;5,75;6,25;7,00;6,75;3,00
3544;V-2026;1;0;0;7;7;7;3;4;6;6;6;7;5;7;7;7;4;4;5;7;4;5;4;25;17;27;24;1;13;6,25;4,25;6,75;6,00;3,25
3441;V-2026;1;0;2;7;3;7;2;2;6;7;7;3;5;7;6;7;7;3;7;7;7;5;7;27;17;23;28;5;19;6,75;4,25;5,75;7,00;4,75
3650;V-2026;0;0;2;6;7;7;5;4;6;7;7;3;3;5;7;7;5;5;6;7;7;4;3;23;15;28;28;5;19;5,75;3,75;7,00;7,00;4,75
3810;V-2026;1;1;2;6;7;7;1;7;4;7;7;7;7;7;7;6;3;4;7;7;7;4;6;24;24;28;27;1;9;6,00;6,00;7,00;6,75;2,25
3304;V-2026;1;1;2;7;1;6;7;7;1;7;3;7;7;4;2;7;7;7;1;7;1;5;1;13;22;17;17;1;20;3,25;5,50;4,25;4,25;5,00
3226;V-2026;0;0;2;7;5;7;2;4;6;5;7;3;5;7;7;6;5;4;3;7;7;5;7;23;20;24;27;5;17;5,75;5,00;6,00;6,75;4,25
3311;V-2026;1;1;2;7;6;7;1;5;5;7;7;7;7;7;6;7;2;6;7;7;6;1;6;26;24;26;27;1;5;6,50;6,00;6,50;6,75;1,25
3524;V-2026;1;0;1;6;7;7;5;6;6;7;7;5;6;6;5;5;5;6;5;7;6;5;7;23;25;26;25;3;18;5,75;6,25;6,50;6,25;4,50
3656;V-2026;1;1;2;7;7;6;2;5;7;7;6;5;7;7;3;5;5;5;6;5;2;5;1;27;18;22;19;3;15;6,75;4,50;5,50;4,75;3,75
3648;V-2026;0;1;0;4;5;5;1;4;5;5;5;5;6;5;7;4;3;3;5;7;5;2;3;19;16;24;19;3;9;4,75;4,00;6,00;4,75;2,25
3278;V-2026;1;1;0;4;6;7;1;5;3;7;7;2;5;4;7;7;1;4;4;7;6;4;5;15;19;27;27;6;12;3,75;4,75;6,75;6,75;3,00
3456;V-2026;1;0;1;5;6;7;1;5;3;7;7;6;4;7;7;6;3;5;6;7;6;2;6;21;20;27;26;2;8;5,25;5,00;6,75;6,50;2,00
3910;V-2026;0;1;1;7;6;7;1;6;6;5;7;3;6;6;6;5;6;5;6;7;3;4;3;25;20;24;22;5;16;6,25;5,00;6,00;5,50;4,00
3275;V-2026;0;1;2;2;3;6;7;5;3;7;5;3;5;4;6;6;7;7;2;7;6;7;3;11;20;23;23;5;26;2,75;5,00;5,75;5,75;6,50
3950;V-2026;0;0;2;7;7;6;1;5;6;6;7;7;7;7;7;6;1;7;7;7;3;1;7;27;26;27;22;1;4;6,75;6,50;6,75;5,50;1,00
3623;V-2026;1;1;2;5;6;6;6;6;5;5;7;5;7;6;7;6;5;6;6;2;6;3;5;22;24;20;25;3;17;5,50;6,00;5,00;6,25;4,25
3385;V-2026;1;0;1;3;6;7;1;6;7;7;7;5;5;6;7;6;5;5;7;7;6;2;3;23;19;27;26;3;11;5,75;4,75;6,75;6,50;2,75
3402;V-2026;0;1;2;5;4;7;1;5;5;6;6;5;5;6;6;6;4;4;6;7;6;6;5;22;19;23;25;3;14;5,50;4,75;5,75;6,25;3,50
3797;V-2026;0;1;2;5;7;6;2;5;4;7;6;6;6;5;7;5;3;7;6;7;4;3;6;20;24;28;21;2;10;5,00;6,00;7,00;5,25;2,50
3913;V-2026;0;0;2;5;6;6;5;5;3;6;3;4;6;5;5;5;5;5;6;7;5;6;7;19;23;24;19;4;20;4,75;5,75;6,00;4,75;5,00
3909;V-2026;1;1;1;2;5;7;2;4;1;6;7;6;6;2;6;7;7;5;2;7;4;7;6;7;21;24;25;2;18;1,75;5,25;6,00;6,25;4,50
3032;V-2026;1;0;2;6;6;5;3;5;3;6;6;6;4;7;7;6;5;7;3;7;6;3;5;19;21;26;23;2;13;4,75;5,25;6,50;5,75;3,25
3632;V-2026;0;0;1;1;3;5;3;3;3;5;6;3;2;3;6;4;5;4;3;5;5;4;3;10;12;19;20;5;17;2,50;3,00;4,75;5,00;4,25
3975;V-2026;1;1;2;6;3;5;2;5;3;5;4;4;6;6;3;3;7;5;3;7;3;6;2;18;18;18;15;4;19;4,50;4,50;4,50;3,75;4,75
3516;V-2026;1;0;2;5;4;6;1;5;2;7;6;4;6;5;4;5;7;7;3;7;1;5;3;15;21;22;18;4;17;3,75;5,25;5,50;4,50;4,25
3103;V-2026;0;0;2;7;7;7;1;5;7;6;7;6;7;7;6;6;5;5;7;7;7;3;7;28;24;26;27;2;11;7,00;6,00;6,50;6,75;2,75
3525;V-2026;0;0;2;5;7;7;1;4;4;7;7;1;5;4;7;6;6;5;7;7;7;6;5;20;19;28;27;7;20;5,00;4,75;7,00;6,75;5,00
3373;V-2026;1;0;1;7;6;7;1;5;6;5;6;4;7;7;7;6;4;7;6;7;6;3;4;26;23;25;25;4;12;6,50;5,75;6,25;6,25;3,00
3760;V-2026;1;0;1;5;6;7;1;6;5;7;6;5;5;5;7;7;4;5;6;7;6;4;4;21;20;27;26;3;12;5,25;5,00;6,75;6,50;3,00
3832;V-2026;1;0;1;7;7;7;1;7;7;7;7;6;4;7;7;6;2;2;7;7;7;1;7;28;20;28;27;2;6;7,00;5,00;7,00;6,75;1,50
3804;V-2026;1;1;2;4;4;6;2;5;3;3;5;4;6;3;4;5;4;5;4;7;3;4;7;14;23;18;19;4;14;3,50;5,75;4,50;4,75;3,50
3749;V-2026;0;1;2;7;7;7;1;7;7;7;7;5;5;7;7;7;2;4;7;7;4;1;2;28;18;28;25;3;7;7,00;4,50;7,00;6,25;1,75
3177;V-2026;0;1;99;5;7;7;3;6;3;6;7;4;7;6;7;6;5;6;6;7;6;5;7;20;26;27;26;4;17;5,00;6,50;6,75;6,50;4,25
3780;V-2026;1;0;2;7;7;6;1;4;6;6;5;3;1;7;7;6;6;2;7;7;6;4;2;27;9;27;23;5;16;6,75;2,25;6,75;5,75;4,00
3523;V-2026;1;0;0;1;5;6;1;3;1;5;4;4;4;1;7;6;5;4;4;7;6;6;4;7;15;24;22;4;16;1,75;3,75;6,00;5,50;4,00
3063;V-2026;0;1;2;3;4;6;1;5;3;5;7;7;3;2;6;4;1;3;6;5;6;4;4;14;15;20;23;1;7;3,50;3,75;5,00;5,75;1,75
3215;V-2026;0;0;0;7;4;6;1;5;5;4;7;7;3;7;6;6;2;4;6;6;3;2;7;25;19;20;22;1;6;6,25;4,75;5,00;5,50;1,50
3878;V-2026;0;1;1;6;7;6;1;5;7;7;6;6;6;7;7;6;2;5;7;7;5;3;5;27;21;28;23;2;8;6,75;5,25;7,00;5,75;2,00
3713;V-2026;1;1;1;7;6;6;2;5;6;6;7;7;6;7;5;7;4;7;6;7;6;2;6;26;24;24;26;1;9;6,50;6,00;6,00;6,50;2,25
3489;V-2026;1;0;1;2;5;6;4;5;3;6;6;5;4;3;6;5;4;4;3;6;5;6;7;11;20;23;22;3;17;2,75;5,00;5,75;5,50;4,25
3890;V-2026;0;1;1;6;7;7;2;5;7;6;6;4;4;5;6;7;6;6;6;7;7;3;7;24;22;26;27;4;15;6,00;5,50;6,50;6,75;3,75
3511;V-2026;0;0;1;5;4;7;2;4;4;7;7;5;4;4;7;6;5;4;6;7;5;3;3;19;15;25;25;3;13;4,75;3,75;6,25;6,25;3,25
3515;V-2026;0;1;2;5;7;7;1;4;3;6;7;6;4;5;7;7;4;4;7;7;7;4;3;20;15;27;28;2;11;5,00;3,75;6,75;7,00;2,75
3353;V-2026;0;0;2;5;5;6;3;6;4;5;6;5;3;6;4;7;5;6;3;7;6;5;4;18;19;21;25;3;16;4,50;4,75;5,25;6,25;4,00
3122;V-2026;0;1;2;6;7;5;1;4;3;6;7;2;4;6;7;6;7;4;7;6;7;6;3;22;15;26;25;6;20;5,50;3,75;6,50;6,25;5,00
3693;V-2026;1;0;1;6;7;7;1;5;7;6;7;5;4;7;7;7;6;4;7;7;7;3;5;27;18;27;28;3;13;6,75;4,50;6,75;7,00;3,25
3048;V-2026;1;0;0;6;7;7;1;3;5;6;5;4;4;5;7;6;7;3;7;7;6;6;5;23;15;27;24;4;18;5,75;3,75;6,75;6,00;4,50
3915;V-2026;0;1;2;7;7;5;1;4;6;5;7;2;4;6;5;6;7;4;7;6;6;6;2;26;14;23;24;6;20;6,50;3,50;5,75;6,00;5,00
3519;V-2026;1;0;2;3;6;6;1;5;2;6;6;5;4;4;6;5;6;4;1;6;6;7;3;10;16;24;23;3;17;2,50;4,00;6,00;5,75;4,25
3540;V-2026;0;0;99;4;5;6;1;4;4;6;7;5;5;3;6;7;5;3;7;7;6;3;6;18;18;24;26;3;12;4,50;4,50;6,00;6,50;3,00
3905;V-2026;0;1;2;4;4;6;2;4;4;6;4;4;4;4;7;4;7;4;5;7;4;2;7;17;19;24;18;4;15;4,25;4,75;6,00;4,50;3,75
3307;V-2026;0;0;1;6;7;7;1;6;2;6;4;7;7;5;4;7;6;6;5;7;4;3;7;18;26;24;22;1;11;4,50;6,50;6,00;5,50;2,75
3254;V-2026;0;0;1;6;5;6;1;5;4;5;5;5;6;6;7;5;6;4;4;5;2;5;4;20;19;22;18;3;15;5,00;4,75;5,50;4,50;3,75
3339;V-2026;0;1;2;2;3;6;1;6;2;5;6;6;6;2;6;6;4;7;6;7;5;1;7;12;26;21;23;2;8;3,00;6,50;5,25;5,75;2,00
3406;V-2026;1;0;0;4;6;7;1;4;5;6;6;3;6;4;7;5;4;3;7;6;6;1;7;20;20;25;24;5;11;5,00;5,00;6,25;6,00;2,75
3549;V-2026;1;1;99;4;5;7;3;5;3;7;3;4;7;5;7;6;6;6;6;7;4;6;4;18;22;26;20;4;19;4,50;5,50;6,50;5,00;4,75
3474;V-2026;1;1;0;7;7;7;1;7;6;7;7;7;4;7;7;7;1;7;7;7;7;2;4;27;22;28;28;1;5;6,75;5,50;7,00;7,00;1,25
3798;V-2026;0;0;2;7;6;6;2;4;4;5;3;7;7;7;4;4;3;5;5;7;4;5;5;23;21;22;17;1;11;5,75;5,25;5,50;4,25;2,75
3027;V-2026;0;0;2;4;5;7;2;4;4;7;7;4;5;4;5;7;5;5;5;7;7;5;4;17;18;24;28;4;16;4,25;4,50;6,00;7,00;4,00
3126;V-2026;1;0;2;7;7;5;1;7;7;7;4;4;6;7;6;5;3;7;7;7;5;3;1;28;21;27;19;4;11;7,00;5,25;6,75;4,75;2,75
3826;V-2026;1;0;99;5;5;4;1;4;4;7;4;5;4;5;6;4;6;5;6;6;6;2;5;20;18;24;18;3;12;5,00;4,50;6,00;4,50;3,00
3607;V-2026;0;1;2;7;7;5;1;6;7;5;6;5;4;7;7;7;3;4;6;6;6;2;5;27;19;25;24;3;9;6,75;4,75;6,25;6,00;2,25
3610;V-2026;0;1;1;6;6;7;2;5;6;6;6;7;4;6;6;7;5;3;6;7;3;2;4;24;16;25;23;1;10;6,00;4,00;6,25;5,75;2,50
3709;V-2026;1;0;0;5;7;6;1;5;3;7;7;5;4;4;7;7;4;4;7;7;7;5;3;19;16;28;27;3;13;4,75;4,00;7,00;6,75;3,25
3568;V-2026;0;1;2;5;5;6;7;7;4;7;6;5;6;5;6;5;7;5;4;6;7;3;7;18;25;24;24;3;20;4,50;6,25;6,00;6,00;5,00
3289;V-2026;0;1;1;7;6;7;1;6;7;5;7;4;5;7;7;7;4;6;7;7;6;3;6;28;23;25;27;4;12;7,00;5,75;6,25;6,75;3,00
3747;V-2026;0;1;1;6;5;5;5;5;6;5;4;3;7;7;5;4;7;7;5;6;4;5;7;24;26;21;17;5;22;6,00;6,50;5,25;4,25;5,50
3620;V-2026;1;0;1;3;5;7;2;4;3;7;7;3;1;3;7;6;4;2;7;7;7;7;1;16;8;26;27;5;18;4,00;2,00;6,50;6,75;4,50
3605;V-2026;0;0;2;7;7;7;1;6;7;5;3;7;7;7;3;4;1;5;7;5;1;1;4;28;22;20;15;1;4;7,00;5,50;5,00;3,75;1,00
3862;V-2026;1;0;2;1;5;5;2;3;2;6;5;3;2;3;5;5;7;3;4;4;6;6;5;10;13;20;21;5;20;2,50;3,25;5,00;5,25;5,00
3740;V-2026;0;1;1;3;6;5;3;3;4;7;4;5;2;3;7;5;2;7;7;7;5;1;1;17;13;27;19;3;9;4,25;3,25;6,75;4,75;2,25
3738;V-2026;1;1;2;4;6;6;1;4;6;5;6;6;5;5;6;5;5;5;6;6;4;5;4;21;18;23;21;2;13;5,25;4,50;5,75;5,25;3,25
3809;V-2026;0;1;2;4;5;5;1;4;5;5;6;6;4;4;6;4;3;4;6;6;5;3;2;19;14;22;20;2;9;4,75;3,50;5,50;5,00;2,25
3270;V-2026;1;0;2;4;4;5;3;5;3;5;5;4;7;3;6;2;3;4;1;6;5;2;7;11;23;21;17;4;12;2,75;5,75;5,25;4,25;3,00
3670;V-2026;0;1;2;7;7;7;1;6;7;7;7;5;5;7;7;7;5;5;7;7;7;4;4;28;20;28;28;3;13;7,00;5,00;7,00;7,00;3,25
3836;V-2026;1;0;2;7;7;7;1;5;7;4;6;7;7;7;6;7;2;7;7;7;7;2;2;28;21;24;27;1;6;7,00;5,25;6,00;6,75;1,50
3437;V-2026;1;1;2;7;7;6;1;3;7;1;4;5;5;7;7;7;7;5;7;7;7;5;1;28;14;22;24;3;16;7,00;3,50;5,50;6,00;4,00
3577;V-2026;0;1;2;4;7;6;2;4;4;6;5;5;5;4;7;7;3;2;4;7;4;5;5;16;16;27;22;3;13;4,00;4,00;6,75;5,50;3,25
3978;V-2026;0;0;2;6;7;6;1;5;7;6;5;6;7;6;6;4;1;4;7;7;6;5;7;26;23;26;21;2;9;6,50;5,75;6,50;5,25;2,25
3758;V-2026;1;0;0;4;6;7;1;6;4;7;7;5;4;4;7;7;2;4;5;6;6;3;4;17;18;26;27;3;9;4,25;4,50;6,50;6,75;2,25
3153;V-2026;0;1;2;6;6;6;2;7;6;6;4;7;7;7;5;4;3;7;6;6;4;4;7;25;28;23;18;1;10;6,25;7,00;5,75;4,50;2,50
3082;V-2026;0;1;2;6;4;5;2;3;6;3;6;5;1;6;4;6;5;3;7;7;4;6;1;25;8;18;21;3;16;6,25;2,00;4,50;5,25;4,00
3575;V-2026;1;0;0;6;7;6;1;5;6;1;7;5;5;7;7;5;1;5;7;7;7;2;7;26;22;22;25;3;7;6,50;5,50;5,50;6,25;1,75
3283;V-2026;0;1;1;5;5;5;1;4;4;1;6;5;3;5;6;7;5;5;5;7;4;5;3;19;15;19;22;3;14;4,75;3,75;4,75;5,50;3,50
3171;V-2026;1;1;2;4;5;7;2;3;5;6;6;4;3;4;7;4;5;2;6;7;7;6;7;19;15;25;24;4;17;4,75;3,75;6,25;6,00;4,25
3926;V-2026;1;0;0;5;7;7;1;6;4;7;6;5;2;5;6;7;2;5;5;7;7;5;4;19;17;27;27;3;11;4,75;4,25;6,75;6,75;2,75
3765;V-2026;1;1;1;6;5;6;1;5;5;7;7;2;4;5;7;7;5;6;3;7;6;5;7;19;22;26;26;6;17;4,75;5,50;6,50;6,50;4,25
3603;V-2026;0;1;2;4;6;7;1;7;2;6;6;7;6;3;6;3;1;7;6;7;6;1;3;15;23;25;22;1;4;3,75;5,75;6,25;5,50;1,00
3119;V-2026;0;1;2;5;7;6;1;4;5;5;7;5;4;5;7;5;3;6;7;7;6;3;6;22;20;26;24;3;10;5,50;5,00;6,50;6,00;2,50
3814;V-2026;1;0;0;5;7;5;1;5;5;7;5;5;3;5;6;4;5;5;5;7;5;3;4;20;17;27;19;3;12;5,00;4,25;6,75;4,75;3,00
3598;V-2026;1;0;2;6;5;5;2;5;7;2;5;5;3;6;6;5;5;4;6;5;4;4;3;25;15;18;19;3;14;6,25;3,75;4,50;4,75;3,50
3518;V-2026;1;0;2;7;7;7;2;4;6;7;7;3;3;6;7;6;3;3;7;7;7;3;6;26;16;28;27;5;13;6,50;4,00;7,00;6,75;3,25
3737;V-2026;0;0;2;7;7;7;1;5;7;7;7;6;1;7;7;7;2;3;7;7;7;2;2;28;11;28;28;2;7;7,00;2,75;7,00;7,00;1,75
3064;V-2026;1;1;99;5;7;7;1;4;6;7;6;5;2;6;7;5;4;3;7;7;7;4;4;24;13;28;25;3;12;6,00;3,25;7,00;6,25;3,00
3594;V-2026;0;1;2;4;3;6;1;2;3;5;7;4;2;4;5;7;3;2;7;7;4;4;3;18;9;20;24;4;12;4,50;2,25;5,00;6,00;3,00
3661;V-2026;0;1;2;4;7;7;1;5;4;7;7;5;4;4;7;6;3;4;7;7;7;3;4;19;17;28;27;3;10;4,75;4,25;7,00;6,75;2,50
3244;V-2026;0;1;1;4;7;7;1;2;5;6;7;4;2;4;7;5;6;1;7;7;4;7;4;20;9;27;23;4;18;5,00;2,25;6,75;5,75;4,50
8001;H-2025;1;0;2;5;4;5;3;5;5;5;5;7;5;5;5;5;5;5;5;7;3;3;6;20;21;21;18;1;12;5,00;5,25;5,25;4,50;3,00
8002;H-2025;1;0;0;2;4;6;1;5;3;5;6;6;4;3;7;5;3;5;5;7;6;2;3;13;17;23;23;2;8;3,25;4,25;5,75;5,75;2,00
8003;H-2025;1;1;2;4;5;6;1;5;1;6;4;6;7;5;5;5;6;5;1;6;6;5;3;11;20;22;21;2;14;2,75;5,00;5,50;5,25;3,50
8004;H-2025;1;0;2;2;3;6;1;5;1;6;3;7;2;2;7;5;2;4;4;7;7;5;5;9;16;23;21;1;9;2,25;4,00;5,75;5,25;2,25
8001;V-2026;1;0;2;5;4;5;3;5;3;5;3;7;5;5;3;5;5;5;3;7;5;3;2;20;21;21;18;1;12;5,00;5,25;5,25;4,50;3,00
8002;V-2026;1;0;0;2;4;6;1;5;5;5;2;6;4;3;1;5;3;5;3;7;2;2;5;13;17;23;23;2;8;3,25;4,25;5,75;5,75;2,00
8003;V-2026;1;1;2;4;3;6;1;5;7;6;4;6;7;5;3;5;6;5;7;6;2;5;5;11;20;22;21;2;14;2,75;5,00;5,50;5,25;3,50
8004;V-2026;1;0;2;2;5;6;1;5;7;6;5;7;2;2;1;5;2;4;4;7;1;5;3;9;16;23;21;1;9;2,25;4,00;5,75;5,25;2,25
