person_id;cohort_year;cohort_semester;cohort_name;mbti_personality_text;mbti_personality;mbti_extrovert;mbti_intuitive;mbti_feeling;mbti_judging;mbti_perc_e_i;mbti_perc_n_s;mbti_perc_t_f;mbti_perc_j_p;mbti_assertive;mbti_perc_a_t
id1;2022;h;H-2022;ISFJ;10;I;S;F;J;;;;;;
id2;2022;h;H-2022;ESFJ;12;E;S;F;J;;;;;;
id3;2022;h;H-2022;ISFP;14;I;S;F;P;;;;;;
id4;2022;h;H-2022;ESFP;16;E;S;F;P;;;;;;
id5;2022;h;H-2022;ENFJ;7;E;N;F;J;;;;;;
id6;2022;h;H-2022;ESTJ;11;E;S;T;J;;;;;;
id7;2022;h;H-2022;ESTJ;11;E;S;T;J;;;;;;
id8;2022;h;H-2022;ISFJ;10;I;S;F;J;;;;;;
id9;2022;h;H-2022;INFJ;5;I;N;F;J;;;;;;
id10;2022;h;H-2022;INFJ;5;I;N;F;J;;;;;;
id11;2022;h;H-2022;ISFJ;10;I;S;F;J;;;;;;
id12;2022;h;H-2022;ESTJ;11;E;S;T;J;;;;;;
id13;2022;h;H-2022;ISFP;14;I;S;F;P;;;;;;
id14;2022;h;H-2022;ESTJ;11;E;S;T;J;;;;;;
id15;2022;h;H-2022;ESFJ;12;E;S;F;J;;;;;;
id16;2022;h;H-2022;ESFJ;12;E;S;F;J;;;;;;
id17;2022;h;H-2022;ENFJ;7;E;N;F;J;;;;;;
id18;2022;h;H-2022;INTP;2;I;N;T;P;;;;;;
id19;2022;h;H-2022;INTJ;1;I;N;T;J;;;;;;
id20;2022;h;H-2022;ESFJ;12;E;S;F;J;;;;;;
id21;2022;h;H-2022;ESFJ;12;E;S;F;J;;;;;;
id22;2022;h;H-2022;ESFJ;12;E;S;F;J;;;;;;
id23;2022;h;H-2022;ESTP;15;E;S;T;P;;;;;;
id24;2022;h;H-2022;ESFP;16;E;S;F;P;;;;;;
id25;2022;h;H-2022;ESFJ;12;E;S;F;J;;;;;;
id26;2022;h;H-2022;ESFJ;12;E;S;F;J;;;;;;
id27;2022;h;H-2022;ISTJ;9;I;S;T;J;;;;;;
id28;2022;h;H-2022;ISFJ;10;I;S;F;J;;;;;;
id29;2022;h;H-2022;ESFJ;12;E;S;F;J;;;;;;
id30;2022;h;H-2022;INFJ;5;I;N;F;J;;;;;;
id31;2022;h;H-2022;ENFJ;7;E;N;F;J;;;;;;
id32;2022;h;H-2022;ENFP;8;E;N;F;P;;;;;;
id33;2022;h;H-2022;ESFJ;12;E;S;F;J;;;;;;
id34;2022;h;H-2022;ESFJ;12;E;S;F;J;;;;;;
id35;2022;h;H-2022;ESFJ;12;E;S;F;J;;;;;;
id36;2022;h;H-2022;ESTJ;11;E;S;T;J;;;;;;
id37;2022;h;H-2022;ESFJ;12;E;S;F;J;;;;;;
id38;2022;h;H-2022;ESFJ;12;E;S;F;J;;;;;;
id39;2022;h;H-2022;ISTJ;9;I;S;T;J;;;;;;
id40;2022;h;H-2022;ENFJ;7;E;N;F;J;;;;;;
id41;2022;h;H-2022;INFJ;5;I;N;F;J;;;;;;
id42;2022;h;H-2022;ESTJ;11;E;S;T;J;;;;;;
id43;2022;h;H-2022;ESFJ;12;E;S;F;J;;;;;;
id44;2022;h;H-2022;ESFJ;12;E;S;F;J;;;;;;
id45;2022;h;H-2022;ESFP;16;E;S;F;P;;;;;;
id46;2022;h;H-2022;ESFJ;12;E;S;F;J;;;;;;
id47;2022;h;H-2022;INTJ;1;I;N;T;J;;;;;;
id48;2022;h;H-2022;INFJ;5;I;N;F;J;;;;;;
id49;2022;h;H-2022;INFP;6;I;N;F;P;;;;;;
id50;2022;h;H-2022;ISFJ;10;I;S;F;J;;;;;;
id51;2022;h;H-2022;ESFJ;12;E;S;F;J;;;;;;
id52;2022;h;H-2022;ENFJ;7;E;N;F;J;;;;;;
id53;2022;h;H-2022;ENFP;8;E;N;F;P;;;;;;
id54;2022;h;H-2022;ISTJ;9;I;S;T;J;;;;;;
id55;2022;h;H-2022;ISFJ;10;I;S;F;J;;;;;;
id56;2022;h;H-2022;ESFJ;12;E;S;F;J;;;;;;
id57;2022;h;H-2022;ESFP;16;E;S;F;P;;;;;;
id58;2022;h;H-2022;ESTJ;11;E;S;T;J;;;;;;
id59;2022;h;H-2022;ENFJ;7;E;N;F;J;;;;;;
id60;2022;h;H-2022;INFJ;5;I;N;F;J;;;;;;
id61;2022;h;H-2022;INFJ;5;I;N;F;J;;;;;;
id62;2022;h;H-2022;ENFJ;7;E;N;F;J;;;;;;
id63;2022;h;H-2022;ESFJ;12;E;S;F;J;;;;;;
id64;2022;h;H-2022;ESTJ;11;E;S;T;J;;;;;;
id65;2022;h;H-2022;ESTP;15;E;S;T;P;;;;;;
id66;2022;h;H-2022;ISTP;13;I;S;T;P;;;;;;
id67;2022;h;H-2022;ISFJ;10;I;S;F;J;;;;;;
id68;2022;h;H-2022;ESFJ;12;E;S;F;J;;;;;;
id69;2022;h;H-2022;ESFP;16;E;S;F;P;;;;;;
id70;2022;h;H-2022;ENFJ;7;E;N;F;J;;;;;;
id71;2022;h;H-2022;ESTJ;11;E;S;T;J;;;;;;
id72;2022;h;H-2022;ESFJ;12;E;S;F;J;;;;;;
id73;2022;h;H-2022;ENFJ;7;E;N;F;J;;;;;;
id74;2022;h;H-2022;ENFJ;7;E;N;F;J;;;;;;
id75;2022;h;H-2022;ENFJ;7;E;N;F;J;;;;;;
id76;2022;h;H-2022;ENFP;8;E;N;F;P;;;;;;
id80;2022;h;H-2022;ESFJ;12;E;S;F;J;;;;;;
id85;2022;h;H-2022;ISFJ;10;I;S;F;J;;;;;;
id86;2022;h;H-2022;ESTJ;11;E;S;T;J;;;;;;
id87;2022;h;H-2022;ESFJ;12;E;S;F;J;;;;;;
id88;2022;h;H-2022;ISFP;14;I;S;F;P;;;;;;
id89;2022;h;H-2022;ESFP;16;E;S;F;P;;;;;;
id90;2022;h;H-2022;ISFJ;10;I;S;F;J;;;;;;
id91;2022;h;H-2022;ESTJ;11;E;S;T;J;;;;;;
id92;2022;h;H-2022;ESFJ;12;E;S;F;J;;;;;;
id93;2022;h;H-2022;ESFJ;12;E;S;F;J;;;;;;
id94;2022;h;H-2022;ENFJ;7;E;N;F;J;;;;;;
id95;2022;h;H-2022;ESFJ;12;E;S;F;J;;;;;;
id96;2022;h;H-2022;ISFJ;10;I;S;F;J;;;;;;
id97;2022;h;H-2022;ESFJ;12;E;S;F;J;;;;;;
id98;2022;h;H-2022;ESFP;16;E;S;F;P;;;;;;
id99;2022;h;H-2022;ESFP;16;E;S;F;P;;;;;;
id100;2022;h;H-2022;ESFP;16;E;S;F;P;;;;;;
id101;2022;h;H-2022;ESFJ;12;E;S;F;J;;;;;;
id102;2022;h;H-2022;ESFJ;12;E;S;F;J;;;;;;
2283;2024;v;V-2024;ESTP;15;E;S;T;P;;;;;;
2847;2024;v;V-2024;ESFJ;12;E;S;F;J;;;;;;
2917;2024;v;V-2024;ENFJ;7;E;N;F;J;;;;;;
2100;2024;v;V-2024;ISFJ;10;I;S;F;J;;;;;;
2622;2024;v;V-2024;INFJ;5;I;N;F;J;;;;;;
2904;2024;v;V-2024;ISFJ;10;I;S;F;J;;;;;;
2644;2024;v;V-2024;ISFP;14;I;S;F;P;;;;;;
2933;2024;v;V-2024;ESFJ;12;E;S;F;J;;;;;;
2399;2024;v;V-2024;ESTJ;11;E;S;T;J;;;;;;
2899;2024;v;V-2024;ESFJ;12;E;S;F;J;;;;;;
2097;2024;v;V-2024;ESFJ;12;E;S;F;J;;;;;;
2102;2024;v;V-2024;ENFJ;7;E;N;F;J;;;;;;
2725;2024;v;V-2024;INFJ;5;I;N;F;J;;;;;;
2601;2024;v;V-2024;ESTJ;11;E;S;T;J;;;;;;
2325;2024;v;V-2024;ENFP;8;E;N;F;P;;;;;;
2078;2024;v;V-2024;ENFJ;7;E;N;F;J;;;;;;
2973;2024;v;V-2024;ENFJ;7;E;N;F;J;;;;;;
2883;2024;v;V-2024;ESFP;16;E;S;F;P;;;;;;
2269;2024;v;V-2024;INFJ;5;I;N;F;J;;;;;;
2381;2024;v;V-2024;ESFP;16;E;S;F;P;;;;;;
2183;2024;v;V-2024;ENFJ;7;E;N;F;J;;;;;;
2573;2024;v;V-2024;ENFJ;7;E;N;F;J;;;;;;
2003;2024;v;V-2024;ESFJ;12;E;S;F;J;;;;;;
2991;2024;v;V-2024;ENTJ;3;E;N;T;J;;;;;;
2660;2024;v;V-2024;INTP;2;I;N;T;P;;;;;;
2551;2024;v;V-2024;ESFJ;12;E;S;F;J;;;;;;
2211;2024;v;V-2024;INFJ;5;I;N;F;J;;;;;;
2951;2024;v;V-2024;ENFP;8;E;N;F;P;;;;;;
2194;2024;v;V-2024;ESFJ;12;E;S;F;J;;;;;;
2510;2024;v;V-2024;ENFJ;7;E;N;F;J;;;;;;
2478;2024;v;V-2024;INFJ;5;I;N;F;J;;;;;;
2604;2024;v;V-2024;ISFJ;10;I;S;F;J;;;;;;
2633;2024;v;V-2024;ENFJ;7;E;N;F;J;;;;;;
2900;2024;v;V-2024;ENFP;8;E;N;F;P;;;;;;
2577;2024;v;V-2024;ENFJ;7;E;N;F;J;;;;;;
2509;2024;v;V-2024;ESFJ;12;E;S;F;J;;;;;;
2686;2024;v;V-2024;ENFJ;7;E;N;F;J;;;;;;
2423;2024;v;V-2024;ESFP;16;E;S;F;P;;;;;;
2378;2024;v;V-2024;ENFP;8;E;N;F;P;;;;;;
2815;2024;v;V-2024;ENFJ;7;E;N;F;J;;;;;;
2107;2024;v;V-2024;ESFJ;12;E;S;F;J;;;;;;
2130;2024;v;V-2024;ENFJ;7;E;N;F;J;;;;;;
2342;2024;v;V-2024;ISFJ;10;I;S;F;J;;;;;;
2040;2024;v;V-2024;ESFJ;12;E;S;F;J;;;;;;
2626;2024;v;V-2024;ESFJ;12;E;S;F;J;;;;;;
2739;2024;v;V-2024;ESFP;16;E;S;F;P;;;;;;
2839;2024;v;V-2024;ISFJ;10;I;S;F;J;;;;;;
2927;2024;v;V-2024;ESTJ;11;E;S;T;J;;;;;;
2297;2024;v;V-2024;ENFJ;7;E;N;F;J;;;;;;
2810;2024;v;V-2024;ENFJ;7;E;N;F;J;;;;;;
2257;2024;v;V-2024;ISFP;14;I;S;F;P;;;;;;
2628;2024;v;V-2024;ESFJ;12;E;S;F;J;;;;;;
2985;2024;v;V-2024;ISFJ;10;I;S;F;J;;;;;;
2181;2024;v;V-2024;ENFP;8;E;N;F;P;;;;;;
2304;2024;v;V-2024;ESFJ;12;E;S;F;J;;;;;;
2357;2024;v;V-2024;ENTP;4;E;N;T;P;;;;;;
2695;2024;v;V-2024;INTJ;1;I;N;T;J;;;;;;
2306;2024;v;V-2024;ESFJ;12;E;S;F;J;;;;;;
2901;2024;v;V-2024;ENFJ;7;E;N;F;J;;;;;;
2946;2024;v;V-2024;INFJ;5;I;N;F;J;;;;;;
2220;2024;v;V-2024;ESFJ;12;E;S;F;J;;;;;;
2735;2024;v;V-2024;ENTJ;3;E;N;T;J;;;;;;
2560;2024;v;V-2024;ENFJ;7;E;N;F;J;;;;;;
2312;2024;v;V-2024;ESFJ;12;E;S;F;J;;;;;;
2135;2024;v;V-2024;ENFJ;7;E;N;F;J;;;;;;
2793;2024;v;V-2024;ENFJ;7;E;N;F;J;;;;;;
2144;2024;v;V-2024;INFJ;5;I;N;F;J;;;;;;
2122;2024;v;V-2024;ENFP;8;E;N;F;P;;;;;;
2775;2024;v;V-2024;ESTJ;11;E;S;T;J;;;;;;
2233;2024;v;V-2024;ISFJ;10;I;S;F;J;;;;;;
2607;2024;v;V-2024;ENFP;8;E;N;F;P;;;;;;
2494;2024;v;V-2024;ESFJ;12;E;S;F;J;;;;;;
2533;2024;v;V-2024;INFJ;5;I;N;F;J;;;;;;
2802;2024;v;V-2024;ENFJ;7;E;N;F;J;;;;;;
2296;2024;v;V-2024;ISFJ;10;I;S;F;J;;;;;;
2207;2024;v;V-2024;ESFJ;12;E;S;F;J;;;;;;
2959;2024;v;V-2024;INTJ;1;I;N;T;J;;;;;;
2853;2024;v;V-2024;ISFJ;10;I;S;F;J;;;;;;
2568;2024;v;V-2024;ENFJ;7;E;N;F;J;;;;;;
2521;2024;v;V-2024;ESTJ;11;E;S;T;J;;;;;;
2998;2024;v;V-2024;ESTP;15;E;S;T;P;;;;;;
2247;2024;v;V-2024;ESFJ;12;E;S;F;J;;;;;;
2364;2024;v;V-2024;ENFP;8;E;N;F;P;;;;;;
2664;2024;v;V-2024;ENTP;4;E;N;T;P;;;;;;
2642;2024;v;V-2024;ESFJ;12;E;S;F;J;;;;;;
2594;2024;v;V-2024;ISTP;13;I;S;T;P;;;;;;
2433;2024;v;V-2024;ENFJ;7;E;N;F;J;;;;;;
2756;2024;v;V-2024;ENFJ;7;E;N;F;J;;;;;;
2759;2024;v;V-2024;ESFJ;12;E;S;F;J;;;;;;
2217;2024;v;V-2024;ENFJ;7;E;N;F;J;;;;;;
2726;2024;v;V-2024;ESFJ;12;E;S;F;J;;;;;;
2837;2024;v;V-2024;INTJ;1;I;N;T;J;;;;;;
2507;2024;v;V-2024;ENFJ;7;E;N;F;J;;;;;;
2275;2024;v;V-2024;ENFP;8;E;N;F;P;;;;;;
2168;2024;v;V-2024;ENFJ;7;E;N;F;J;;;;;;
2070;2024;v;V-2024;ENFP;8;E;N;F;P;;;;;;
2572;2024;v;V-2024;ENFJ;7;E;N;F;J;;;;;;
2863;2024;v;V-2024;INFP;6;I;N;F;P;;;;;;
2986;2024;v;V-2024;ENFP;8;E;N;F;P;;;;;;
2894;2024;v;V-2024;ENFP;8;E;N;F;P;;;;;;
2484;2024;v;V-2024;ENFP;8;E;N;F;P;;;;;;
ID7356;2024;h;H-2024;ENFP;8;E;N;F;P;;;;;;
ID7920;2024;h;H-2024;ESTJ;11;E;S;T;J;;;;;;
ID7066;2024;h;H-2024;ENFJ;7;E;N;F;J;;;;;;
ID7990;2024;h;H-2024;ENTP;4;E;N;T;P;;;;;;
ID7173;2024;h;H-2024;ENFJ;7;E;N;F;J;;;;;;
ID5004;2024;h;H-2024;INTJ;1;I;N;T;J;;;;;;
ID4623;2024;h;H-2024;ESFJ;12;E;S;F;J;;;;;;
ID6953;2024;h;H-2024;INTP;2;I;N;T;P;;;;;;
ID6693;2024;h;H-2024;INTJ;1;I;N;T;J;;;;;;
ID4934;2024;h;H-2024;ENTJ;3;E;N;T;J;;;;;;
ID4400;2024;h;H-2024;ESFJ;12;E;S;F;J;;;;;;
ID6948;2024;h;H-2024;INTP;2;I;N;T;P;;;;;;
ID6146;2024;h;H-2024;ESTJ;11;E;S;T;J;;;;;;
ID7175;2024;h;H-2024;ESTP;15;E;S;T;P;;;;;;
ID6774;2024;h;H-2024;ENTJ;3;E;N;T;J;;;;;;
ID5626;2024;h;H-2024;ISTJ;9;I;S;T;J;;;;;;
ID6374;2024;h;H-2024;ENFJ;7;E;N;F;J;;;;;;
ID5103;2024;h;H-2024;ENTJ;3;E;N;T;J;;;;;;
ID6932;2024;h;H-2024;ESFJ;12;E;S;F;J;;;;;;
ID4270;2024;h;H-2024;ISFJ;10;I;S;F;J;;;;;;
ID7454;2024;h;H-2024;ENTP;4;E;N;T;P;;;;;;
ID6232;2024;h;H-2024;ENFP;8;E;N;F;P;;;;;;
ID6622;2024;h;H-2024;ESFJ;12;E;S;F;J;;;;;;
ID6052;2024;h;H-2024;INTJ;1;I;N;T;J;;;;;;
ID7972;2024;h;H-2024;ENFJ;7;E;N;F;J;;;;;;
ID5685;2024;h;H-2024;ESTP;15;E;S;T;P;;;;;;
ID6600;2024;h;H-2024;ISTJ;9;I;S;T;J;;;;;;
ID5236;2024;h;H-2024;ISTJ;9;I;S;T;J;;;;;;
ID7000;2024;h;H-2024;ENFJ;7;E;N;F;J;;;;;;
ID5219;2024;h;H-2024;INTP;2;I;N;T;P;;;;;;
ID4996;2024;h;H-2024;ENFJ;7;E;N;F;J;;;;;;
ID7583;2024;h;H-2024;INFP;6;I;N;F;P;;;;;;
ID4479;2024;h;H-2024;ESFJ;12;E;S;F;J;;;;;;
ID7677;2024;h;H-2024;ENFJ;7;E;N;F;J;;;;;;
ID4634;2024;h;H-2024;ENTP;4;E;N;T;P;;;;;;
ID4901;2024;h;H-2024;ENFP;8;E;N;F;P;;;;;;
ID4578;2024;h;H-2024;ISTJ;9;I;S;T;J;;;;;;
ID7582;2024;h;H-2024;ISTJ;9;I;S;T;J;;;;;;
ID7759;2024;h;H-2024;ESFJ;12;E;S;F;J;;;;;;
ID7496;2024;h;H-2024;ENTJ;3;E;N;T;J;;;;;;
ID5403;2024;h;H-2024;INTJ;1;I;N;T;J;;;;;;
ID7888;2024;h;H-2024;INTJ;1;I;N;T;J;;;;;;
ID5132;2024;h;H-2024;ENTP;4;E;N;T;P;;;;;;
ID4131;2024;h;H-2024;ISTJ;9;I;S;T;J;;;;;;
ID7415;2024;h;H-2024;ESTJ;11;E;S;T;J;;;;;;
ID7113;2024;h;H-2024;ESFP;16;E;S;F;P;;;;;;
ID7699;2024;h;H-2024;INTJ;1;I;N;T;J;;;;;;
ID5014;2024;h;H-2024;ISFJ;10;I;S;F;J;;;;;;
ID4740;2024;h;H-2024;ENFJ;7;E;N;F;J;;;;;;
ID7912;2024;h;H-2024;ISTJ;9;I;S;T;J;;;;;;
ID5952;2024;h;H-2024;ENFJ;7;E;N;F;J;;;;;;
ID4298;2024;h;H-2024;ENTJ;3;E;N;T;J;;;;;;
ID5835;2024;h;H-2024;ESTP;15;E;S;T;P;;;;;;
ID4258;2024;h;H-2024;INTJ;1;I;N;T;J;;;;;;
ID7701;2024;h;H-2024;ESTJ;11;E;S;T;J;;;;;;
ID4079;2024;h;H-2024;ENTP;4;E;N;T;P;;;;;;
ID7254;2024;h;H-2024;ESFJ;12;E;S;F;J;;;;;;
ID6353;2024;h;H-2024;ENFJ;7;E;N;F;J;;;;;;
ID7430;2024;h;H-2024;INFJ;5;I;N;F;J;;;;;;
ID6744;2024;h;H-2024;ESFJ;12;E;S;F;J;;;;;;
ID4307;2024;h;H-2024;ISFJ;10;I;S;F;J;;;;;;
ID4902;2024;h;H-2024;ESFJ;12;E;S;F;J;;;;;;
ID7377;2024;h;H-2024;ESTJ;11;E;S;T;J;;;;;;
ID5245;2024;h;H-2024;ENTJ;3;E;N;T;J;;;;;;
ID7808;2024;h;H-2024;INFJ;5;I;N;F;J;;;;;;
ID4561;2024;h;H-2024;ENTJ;3;E;N;T;J;;;;;;
ID7385;2024;h;H-2024;ENFJ;7;E;N;F;J;;;;;;
ID4136;2024;h;H-2024;ESTP;15;E;S;T;P;;;;;;
ID7866;2024;h;H-2024;ESTJ;11;E;S;T;J;;;;;;
ID5169;2024;h;H-2024;ISTJ;9;I;S;T;J;;;;;;
ID4959;2024;h;H-2024;ENTJ;3;E;N;T;J;;;;;;
ID6171;2024;h;H-2024;ESFJ;12;E;S;F;J;;;;;;
ID5800;2024;h;H-2024;ENFJ;7;E;N;F;J;;;;;;
ID5258;2024;h;H-2024;ENFJ;7;E;N;F;J;;;;;;
ID4608;2024;h;H-2024;ENFJ;7;E;N;F;J;;;;;;
ID4495;2024;h;H-2024;ISTP;13;I;S;T;P;;;;;;
ID4534;2024;h;H-2024;INFP;6;I;N;F;P;;;;;;
ID6851;2024;h;H-2024;INTJ;1;I;N;T;J;;;;;;
ID7369;2024;h;H-2024;ENTJ;3;E;N;T;J;;;;;;
ID6256;2024;h;H-2024;INTJ;1;I;N;T;J;;;;;;
ID5155;2024;h;H-2024;INFJ;5;I;N;F;J;;;;;;
ID6902;2024;h;H-2024;INFJ;5;I;N;F;J;;;;;;
ID4569;2024;h;H-2024;ENFJ;7;E;N;F;J;;;;;;
ID5546;2024;h;H-2024;ISFJ;10;I;S;F;J;;;;;;
ID4951;2024;h;H-2024;INFJ;5;I;N;F;J;;;;;;
ID6296;2024;h;H-2024;ESFP;16;E;S;F;P;;;;;;
ID5389;2024;h;H-2024;ENTJ;3;E;N;T;J;;;;;;
ID6713;2024;h;H-2024;ENTJ;3;E;N;T;J;;;;;;
ID5667;2024;h;H-2024;ISTJ;9;I;S;T;J;;;;;;
ID4595;2024;h;H-2024;INFJ;5;I;N;F;J;;;;;;
ID4434;2024;h;H-2024;INTJ;1;I;N;T;J;;;;;;
ID6805;2024;h;H-2024;ESFJ;12;E;S;F;J;;;;;;
ID4760;2024;h;H-2024;ENFJ;7;E;N;F;J;;;;;;
ID7290;2024;h;H-2024;ENFJ;7;E;N;F;J;;;;;;
ID5751;2024;h;H-2024;ESFJ;12;E;S;F;J;;;;;;
ID7580;2024;h;H-2024;INTJ;1;I;N;T;J;;;;;;
ID6324;2024;h;H-2024;ENFJ;7;E;N;F;J;;;;;;
ID4169;2024;h;H-2024;INTJ;1;I;N;T;J;;;;;;
ID5983;2024;h;H-2024;ENFJ;7;E;N;F;J;;;;;;
ID5095;2024;h;H-2024;ESFJ;12;E;S;F;J;;;;;;
ID4573;2024;h;H-2024;ESFJ;12;E;S;F;J;;;;;;
ID4864;2024;h;H-2024;ISTJ;9;I;S;T;J;;;;;;
ID5971;2024;h;H-2024;ISFJ;10;I;S;F;J;;;;;;
ID4326;2024;h;H-2024;ENTJ;3;E;N;T;J;;;;;;
ID6533;2024;h;H-2024;ESFP;16;E;S;F;P;;;;;;
ID5691;2024;h;H-2024;ENFJ;7;E;N;F;J;;;;;;
ID6508;2024;h;H-2024;ENFJ;7;E;N;F;J;;;;;;
ID4840;2024;h;H-2024;ENFJ;7;E;N;F;J;;;;;;
ID7959;2024;h;H-2024;ENFJ;7;E;N;F;J;;;;;;
ID6108;2024;h;H-2024;ISFP;14;I;S;F;P;;;;;;
ID6497;2024;h;H-2024;ENTJ;3;E;N;T;J;;;;;;
ID4548;2024;h;H-2024;ESFP;16;E;S;F;P;;;;;;
ID5911;2024;h;H-2024;ENTJ;3;E;N;T;J;;;;;;
ID7091;2024;h;H-2024;ESFJ;12;E;S;F;J;;;;;;
ID7721;2024;h;H-2024;ENFJ;7;E;N;F;J;;;;;;
ID6686;2024;h;H-2024;ENFP;8;E;N;F;P;;;;;;
ID7742;2024;h;H-2024;INFJ;5;I;N;F;J;;;;;;
ID4319;2024;h;H-2024;INFJ;5;I;N;F;J;;;;;;
ID4442;2024;h;H-2024;ENTJ;3;E;N;T;J;;;;;;
ID6837;2025;h;H-2025;ENFP;8;E;N;F;P;;;;;;
ID4938;2025;h;H-2025;ENTP;4;E;N;T;P;;;;;;
ID7880;2025;h;H-2025;ENTJ;3;E;N;T;J;;;;;;
ID6694;2025;h;H-2025;ENFJ;7;E;N;F;J;;;;;;
ID5289;2025;h;H-2025;ENFP;8;E;N;F;P;;;;;;
ID6475;2025;h;H-2025;ENTJ;3;E;N;T;J;;;;;;
ID7887;2025;h;H-2025;ISTJ;9;I;S;T;J;;;;;;
ID7321;2025;h;H-2025;ISTJ;9;I;S;T;J;;;;;;
ID8002;2025;h;H-2025;ENFJ;7;E;N;F;J;;;;;;
ID4040;2025;h;H-2025;ESTJ;11;E;S;T;J;;;;;;
ID7613;2025;h;H-2025;INFP;6;I;N;F;P;;;;;;
ID7569;2025;h;H-2025;INFJ;5;I;N;F;J;;;;;;
ID4877;2025;h;H-2025;ENTJ;3;E;N;T;J;;;;;;
ID7769;2025;h;H-2025;INFJ;5;I;N;F;J;;;;;;
ID6448;2025;h;H-2025;INTJ;1;I;N;T;J;;;;;;
ID5474;2025;h;H-2025;ESFJ;12;E;S;F;J;;;;;;
ID4806;2025;h;H-2025;ENTJ;3;E;N;T;J;;;;;;
ID7672;2025;h;H-2025;ISTJ;9;I;S;T;J;;;;;;
ID4670;2025;h;H-2025;ISFP;14;I;S;F;P;;;;;;
ID7435;2025;h;H-2025;ISTJ;9;I;S;T;J;;;;;;
ID4838;2025;h;H-2025;ESFJ;12;E;S;F;J;;;;;;
ID4478;2025;h;H-2025;ENFJ;7;E;N;F;J;;;;;;
ID5427;2025;h;H-2025;ESFJ;12;E;S;F;J;;;;;;
ID5399;2025;h;H-2025;ENFP;8;E;N;F;P;;;;;;
ID7407;2025;h;H-2025;ENFP;8;E;N;F;P;;;;;;
ID6037;2025;h;H-2025;INTJ;1;I;N;T;J;;;;;;
ID4598;2025;h;H-2025;INTJ;1;I;N;T;J;;;;;;
ID7214;2025;h;H-2025;ENFJ;7;E;N;F;J;;;;;;
ID8004;2025;h;H-2025;INTP;2;I;N;T;P;;;;;;
ID7475;2025;h;H-2025;ESFJ;12;E;S;F;J;;;;;;
ID6707;2025;h;H-2025;ENFJ;7;E;N;F;J;;;;;;
ID6119;2025;h;H-2025;ENFJ;7;E;N;F;J;;;;;;
ID6505;2025;h;H-2025;ENFJ;7;E;N;F;J;;;;;;
ID4891;2025;h;H-2025;INFJ;5;I;N;F;J;;;;;;
ID5212;2025;h;H-2025;ENTJ;3;E;N;T;J;;;;;;
ID5456;2025;h;H-2025;INTJ;1;I;N;T;J;;;;;;
ID5915;2025;h;H-2025;ENTJ;3;E;N;T;J;;;;;;
ID4488;2025;h;H-2025;ENFJ;7;E;N;F;J;;;;;;
ID7610;2025;h;H-2025;ENTJ;3;E;N;T;J;;;;;;
ID4912;2025;h;H-2025;ENFJ;7;E;N;F;J;;;;;;
ID7606;2025;h;H-2025;ESFP;16;E;S;F;P;;;;;;
ID4215;2025;h;H-2025;ENTJ;3;E;N;T;J;;;;;;
ID4540;2025;h;H-2025;INTJ;1;I;N;T;J;;;;;;
ID4613;2025;h;H-2025;ENTJ;3;E;N;T;J;;;;;;
ID7824;2025;h;H-2025;ENTJ;3;E;N;T;J;;;;;;
ID6965;2025;h;H-2025;ENFP;8;E;N;F;P;;;;;;
ID6985;2025;h;H-2025;INTJ;1;I;N;T;J;;;;;;
ID4931;2025;h;H-2025;ISFJ;10;I;S;F;J;;;;;;
ID6344;2025;h;H-2025;INFJ;5;I;N;F;J;;;;;;
ID5859;2025;h;H-2025;ESFJ;12;E;S;F;J;;;;;;
ID4328;2025;h;H-2025;ENFP;8;E;N;F;P;;;;;;
ID5171;2025;h;H-2025;INFJ;5;I;N;F;J;;;;;;
ID5725;2025;h;H-2025;INFJ;5;I;N;F;J;;;;;;
ID6937;2025;h;H-2025;ENFJ;7;E;N;F;J;;;;;;
ID7780;2025;h;H-2025;ESFJ;12;E;S;F;J;;;;;;
ID5912;2025;h;H-2025;ENFP;8;E;N;F;P;;;;;;
ID5108;2025;h;H-2025;INFP;6;I;N;F;P;;;;;;
ID7155;2025;h;H-2025;ESFJ;12;E;S;F;J;;;;;;
ID4250;2025;h;H-2025;ENFJ;7;E;N;F;J;;;;;;
ID5991;2025;h;H-2025;INFJ;5;I;N;F;J;;;;;;
ID4529;2025;h;H-2025;ESTP;15;E;S;T;P;;;;;;
ID4281;2025;h;H-2025;INFJ;5;I;N;F;J;;;;;;
ID7747;2025;h;H-2025;ISTJ;9;I;S;T;J;;;;;;
ID8003;2025;h;H-2025;INTJ;1;I;N;T;J;;;;;;
ID8001;2025;h;H-2025;ENTJ;3;E;N;T;J;;;;;;
ID6735;2025;h;H-2025;ENFP;8;E;N;F;P;;;;;;
ID6479;2025;h;H-2025;ESTJ;11;E;S;T;J;;;;;;
ID7102;2025;h;H-2025;ENFJ;7;E;N;F;J;;;;;;
ID6058;2025;h;H-2025;ISTP;13;I;S;T;P;;;;;;
ID7924;2025;h;H-2025;ISFJ;10;I;S;F;J;;;;;;
ID5465;2025;h;H-2025;ENTJ;3;E;N;T;J;;;;;;
ID7935;2025;h;H-2025;INFJ;5;I;N;F;J;;;;;;
ID7417;2025;h;H-2025;ENFJ;7;E;N;F;J;;;;;;
ID5616;2025;h;H-2025;INFJ;5;I;N;F;J;;;;;;
ID4585;2025;h;H-2025;ENFJ;7;E;N;F;J;;;;;;
ID7732;2025;h;H-2025;ISTJ;9;I;S;T;J;;;;;;
ID7084;2025;h;H-2025;INFJ;5;I;N;F;J;;;;;;
ID4293;2025;h;H-2025;ENTJ;3;E;N;T;J;;;;;;
ID6897;2025;h;H-2025;ESFJ;12;E;S;F;J;;;;;;
ID7779;2025;h;H-2025;INFP;6;I;N;F;P;;;;;;
ID4303;2025;h;H-2025;ENTJ;3;E;N;T;J;;;;;;
ID5622;2025;h;H-2025;ISFJ;10;I;S;F;J;;;;;;
ID7750;2025;h;H-2025;INFP;6;I;N;F;P;;;;;;
ID7410;2025;h;H-2025;INTJ;1;I;N;T;J;;;;;;
ID7422;2025;h;H-2025;ESFJ;12;E;S;F;J;;;;;;
ID7219;2025;h;H-2025;ENTJ;3;E;N;T;J;;;;;;
ID7730;2025;h;H-2025;ENFP;8;E;N;F;P;;;;;;
ID5943;2025;h;H-2025;ENFP;8;E;N;F;P;;;;;;
ID4107;2025;h;H-2025;INTJ;1;I;N;T;J;;;;;;
ID6800;2025;h;H-2025;INFJ;5;I;N;F;J;;;;;;
ID6591;2025;h;H-2025;ENFJ;7;E;N;F;J;;;;;;
ID5542;2025;h;H-2025;ENFJ;7;E;N;F;J;;;;;;
ID4775;2025;h;H-2025;ESTJ;11;E;S;T;J;;;;;;
ID5864;2025;h;H-2025;ENTJ;3;E;N;T;J;;;;;;
ID7076;2025;h;H-2025;ENFJ;7;E;N;F;J;;;;;;
ID6091;2025;h;H-2025;ENTP;4;E;N;T;P;;;;;;
ID6237;2025;h;H-2025;ENFJ;7;E;N;F;J;;;;;;
ID4911;2025;h;H-2025;ESFJ;12;E;S;F;J;;;;;;
ID5937;2025;h;H-2025;ENTJ;3;E;N;T;J;;;;;;
ID4171;2025;h;H-2025;INTJ;1;I;N;T;J;;;;;;
ID4039;2025;h;H-2025;ENFJ;7;E;N;F;J;;;;;;
ID4810;2025;h;H-2025;ESFJ;12;E;S;F;J;;;;;;
ID4216;2025;h;H-2025;ISTJ;9;I;S;T;J;;;;;;
ID5771;2025;h;H-2025;ISTJ;9;I;S;T;J;;;;;;
ID5315;2025;h;H-2025;ESTJ;11;E;S;T;J;;;;;;
ID6106;2025;h;H-2025;INFJ;5;I;N;F;J;;;;;;
ID5938;2025;h;H-2025;INTJ;1;I;N;T;J;;;;;;
ID6443;2025;h;H-2025;ENFP;8;E;N;F;P;;;;;;
ID5208;2025;h;H-2025;ENTJ;3;E;N;T;J;;;;;;
ID6504;2025;h;H-2025;ENFJ;7;E;N;F;J;;;;;;
ID5046;2025;h;H-2025;ENFJ;7;E;N;F;J;;;;;;
ID7242;2025;h;H-2025;ESFJ;12;E;S;F;J;;;;;;
ID7982;2025;h;H-2025;ENFJ;7;E;N;F;J;;;;;;
ID4588;2025;h;H-2025;ESFJ;12;E;S;F;J;;;;;;
ID4063;2025;h;H-2025;ENFJ;7;E;N;F;J;;;;;;
ID7748;2025;h;H-2025;ESTJ;11;E;S;T;J;;;;;;
ID5684;2025;h;H-2025;ENFJ;7;E;N;F;J;;;;;;
ID4417;2025;h;H-2025;ENTJ;3;E;N;T;J;;;;;;
ID7900;2025;h;H-2025;ESTP;15;E;S;T;P;;;;;;
ID6934;2025;h;H-2025;ESFP;16;E;S;F;P;;;;;;
ID5094;2025;h;H-2025;ESTJ;11;E;S;T;J;;;;;;
ID6107;2025;h;H-2025;ENFJ;7;E;N;F;J;;;;;;
ID7715;2025;v;V-2025;ENTJ;3;E;N;T;J;;;;;;
ID7556;2025;v;V-2025;ENFP;8;E;N;F;P;;;;;;
ID6852;2025;v;V-2025;ENTJ;3;E;N;T;J;;;;;;
ID6251;2025;v;V-2025;INFJ;5;I;N;F;J;;;;;;
ID7299;2025;v;V-2025;INTP;2;I;N;T;P;;;;;;
ID6017;2025;v;V-2025;ESFJ;12;E;S;F;J;;;;;;
ID5267;2025;v;V-2025;ESTJ;11;E;S;T;J;;;;;;
ID6461;2025;v;V-2025;INFP;6;I;N;F;P;;;;;;
ID4577;2025;v;V-2025;INFJ;5;I;N;F;J;;;;;;
ID4542;2025;v;V-2025;ENFJ;7;E;N;F;J;;;;;;
ID5977;2025;v;V-2025;ISTJ;9;I;S;T;J;;;;;;
ID6524;2025;v;V-2025;ESTP;15;E;S;T;P;;;;;;
ID4940;2025;v;V-2025;ESTP;15;E;S;T;P;;;;;;
ID7645;2025;v;V-2025;ENFJ;7;E;N;F;J;;;;;;
ID7027;2025;v;V-2025;INTJ;1;I;N;T;J;;;;;;
ID4522;2025;v;V-2025;ENFJ;7;E;N;F;J;;;;;;
ID4405;2025;v;V-2025;INFJ;5;I;N;F;J;;;;;;
ID7469;2025;v;V-2025;ESFJ;12;E;S;F;J;;;;;;
ID4716;2025;v;V-2025;INFP;6;I;N;F;P;;;;;;
ID6655;2025;v;V-2025;ESFJ;12;E;S;F;J;;;;;;
ID6849;2025;v;V-2025;INTJ;1;I;N;T;J;;;;;;
ID6549;2025;v;V-2025;ENFJ;7;E;N;F;J;;;;;;
ID4429;2025;v;V-2025;INTJ;1;I;N;T;J;;;;;;
ID4778;2025;v;V-2025;ENFJ;7;E;N;F;J;;;;;;
ID4982;2025;v;V-2025;ENFP;8;E;N;F;P;;;;;;
ID4205;2025;v;V-2025;INFJ;5;I;N;F;J;;;;;;
ID7547;2025;v;V-2025;ENTJ;3;E;N;T;J;;;;;;
ID7176;2025;v;V-2025;INTJ;1;I;N;T;J;;;;;;
ID5234;2025;v;V-2025;ESFP;16;E;S;F;P;;;;;;
ID6519;2025;v;V-2025;ESFJ;12;E;S;F;J;;;;;;
ID6114;2025;v;V-2025;ENFJ;7;E;N;F;J;;;;;;
ID6136;2025;v;V-2025;INTJ;1;I;N;T;J;;;;;;
ID5382;2025;v;V-2025;INFJ;5;I;N;F;J;;;;;;
ID4601;2025;v;V-2025;ENTJ;3;E;N;T;J;;;;;;
ID4309;2025;v;V-2025;ISFJ;10;I;S;F;J;;;;;;
ID6190;2025;v;V-2025;ISTJ;9;I;S;T;J;;;;;;
ID6342;2025;v;V-2025;ENFJ;7;E;N;F;J;;;;;;
ID5445;2025;v;V-2025;ENFJ;7;E;N;F;J;;;;;;
ID4715;2025;v;V-2025;ENFP;8;E;N;F;P;;;;;;
ID7232;2025;v;V-2025;ENFP;8;E;N;F;P;;;;;;
ID5454;2025;v;V-2025;ESFJ;12;E;S;F;J;;;;;;
ID5852;2025;v;V-2025;ISFP;14;I;S;F;P;;;;;;
ID5756;2025;v;V-2025;ESTJ;11;E;S;T;J;;;;;;
ID7584;2025;v;V-2025;ISFJ;10;I;S;F;J;;;;;;
ID7433;2025;v;V-2025;ESFJ;12;E;S;F;J;;;;;;
ID6164;2025;v;V-2025;ESFJ;12;E;S;F;J;;;;;;
ID6977;2025;v;V-2025;ENFJ;7;E;N;F;J;;;;;;
ID7041;2025;v;V-2025;ENFJ;7;E;N;F;J;;;;;;
ID4480;2025;v;V-2025;ENFJ;7;E;N;F;J;;;;;;
ID5039;2025;v;V-2025;ENTJ;3;E;N;T;J;;;;;;
ID4486;2025;v;V-2025;ESFP;16;E;S;F;P;;;;;;
ID6302;2025;v;V-2025;ENTP;4;E;N;T;P;;;;;;
ID4725;2025;v;V-2025;ENFJ;7;E;N;F;J;;;;;;
ID5826;2025;v;V-2025;ENFJ;7;E;N;F;J;;;;;;
ID7563;2025;v;V-2025;ENFJ;7;E;N;F;J;;;;;;
ID6329;2025;v;V-2025;ENFJ;7;E;N;F;J;;;;;;
ID5202;2025;v;V-2025;ISFJ;10;I;S;F;J;;;;;;
ID5452;2025;v;V-2025;ISTP;13;I;S;T;P;;;;;;
ID5131;2025;v;V-2025;ENFJ;7;E;N;F;J;;;;;;
ID6675;2025;v;V-2025;INFJ;5;I;N;F;J;;;;;;
ID6242;2025;v;V-2025;ENFJ;7;E;N;F;J;;;;;;
ID6790;2025;v;V-2025;ENFJ;7;E;N;F;J;;;;;;
ID7010;2025;v;V-2025;INTJ;1;I;N;T;J;;;;;;
ID6949;2025;v;V-2025;ESTP;15;E;S;T;P;;;;;;
ID4894;2025;v;V-2025;INTJ;1;I;N;T;J;;;;;;
ID7671;2025;v;V-2025;ENTJ;3;E;N;T;J;;;;;;
ID4365;2025;v;V-2025;ESFJ;12;E;S;F;J;;;;;;
ID5402;2025;v;V-2025;ENFJ;7;E;N;F;J;;;;;;
ID4421;2025;v;V-2025;ENTJ;3;E;N;T;J;;;;;;
ID5993;2025;v;V-2025;ESFJ;12;E;S;F;J;;;;;;
ID6871;2025;v;V-2025;ENTJ;3;E;N;T;J;;;;;;
ID7227;2025;v;V-2025;ENFP;8;E;N;F;P;;;;;;
ID5190;2025;v;V-2025;ENFJ;7;E;N;F;J;;;;;;
ID4207;2025;v;V-2025;ENTJ;3;E;N;T;J;;;;;;
ID5492;2025;v;V-2025;ENFJ;7;E;N;F;J;;;;;;
ID5129;2025;v;V-2025;ENFJ;7;E;N;F;J;;;;;;
ID5506;2025;v;V-2025;ENFJ;7;E;N;F;J;;;;;;
ID6635;2025;v;V-2025;ENTP;4;E;N;T;P;;;;;;
ID6328;2025;v;V-2025;ESFJ;12;E;S;F;J;;;;;;
ID7020;2025;v;V-2025;ENFP;8;E;N;F;P;;;;;;
ID4440;2025;v;V-2025;INFJ;5;I;N;F;J;;;;;;
ID6437;2025;v;V-2025;ISFJ;10;I;S;F;J;;;;;;
ID6547;2025;v;V-2025;ENTJ;3;E;N;T;J;;;;;;
ID4991;2025;v;V-2025;ISTJ;9;I;S;T;J;;;;;;
ID4251;2025;v;V-2025;INTP;2;I;N;T;P;;;;;;
ID7303;2025;v;V-2025;ENTJ;3;E;N;T;J;;;;;;
ID7636;2025;v;V-2025;ESFP;16;E;S;F;P;;;;;;
ID5318;2025;v;V-2025;ISFJ;10;I;S;F;J;;;;;;
ID7816;2025;v;V-2025;ENFP;8;E;N;F;P;;;;;;
ID6511;2025;v;V-2025;ENFJ;7;E;N;F;J;;;;;;
ID7039;2025;v;V-2025;ENTP;4;E;N;T;P;;;;;;
ID6148;2025;v;V-2025;ESTJ;11;E;S;T;J;;;;;;
ID6967;2025;v;V-2025;ENFJ;7;E;N;F;J;;;;;;
ID7825;2025;v;V-2025;ESFJ;12;E;S;F;J;;;;;;
ID4141;2025;v;V-2025;ENFP;8;E;N;F;P;;;;;;
ID6972;2025;v;V-2025;ENFP;8;E;N;F;P;;;;;;
ID5794;2026;v;V-2026;ESFJ;12;E;S;F;J;72;52;61;75;T;53
ID7451;2026;v;V-2026;ENFJ;7;E;N;F;J;99;74;56;72;A;81
ID4379;2026;v;V-2026;ENTJ;3;E;N;T;J;92;57;81;90;A;93
ID7108;2026;v;V-2026;ISTJ;9;I;S;T;J;96;66;78;85;T;76
ID4626;2026;v;V-2026;ENFJ;7;E;N;F;J;65;51;56;93;T;56
ID4276;2026;v;V-2026;ISTJ;9;I;S;T;J;56;66;63;81;T;60
ID7434;2026;v;V-2026;INFJ;5;I;N;F;J;95;81;61;73;T;92
ID6946;2026;v;V-2026;ISFJ;10;I;S;F;J;60;55;55;97;T;61
ID5809;2026;v;V-2026;ENFP;8;E;N;F;P;54;59;54;67;A;57
ID6756;2026;v;V-2026;ESFJ;12;E;S;F;J;76;71;56;76;T;56
ID7158;2026;v;V-2026;ENFP;8;E;N;F;P;68;73;65;69;T;64
ID4138;2026;v;V-2026;ENTJ;3;E;N;T;J;65;54;57;56;A;88
ID6392;2026;v;V-2026;ENFJ;7;E;N;F;J;53;66;83;88;A;57
ID5235;2026;v;V-2026;INFP;6;I;N;F;P;67;63;57;68;T;51
ID7533;2026;v;V-2026;ESFJ;12;E;S;F;J;67;62;71;83;T;69
ID6729;2026;v;V-2026;ESTP;15;E;S;T;P;94;69;53;86;A;82
ID4461;2026;v;V-2026;ESFJ;12;E;S;F;J;63;52;51;83;A;71
ID7895;2026;v;V-2026;INFP;6;I;N;F;P;79;79;85;83;A;63
ID4727;2026;v;V-2026;ENFJ;7;E;N;F;J;58;70;51;81;T;51
ID7945;2026;v;V-2026;ENFJ;7;E;N;F;J;78;58;68;31;A;63
ID7728;2026;v;V-2026;INFJ;5;I;N;F;J;51;61;57;74;A;67
ID5979;2026;v;V-2026;INFJ;5;I;N;F;J;75;51;57;89;T;54
ID6682;2026;v;V-2026;ENFJ;7;E;N;F;J;69;56;57;79;A;60
ID5738;2026;v;V-2026;ESTJ;11;E;S;T;J;74;58;61;85;A;90
ID5953;2026;v;V-2026;ENTJ;3;E;N;T;J;69;57;53;88;A;56
ID5862;2026;v;V-2026;ESTJ;11;E;S;T;J;64;68;51;92;T;85
ID7573;2026;v;V-2026;ENFJ;7;E;N;F;J;79;64;63;86;A;56
ID6748;2026;v;V-2026;ENFJ;7;E;N;F;J;64;64;76;76;A;59
ID4854;2026;v;V-2026;INTJ;1;I;N;T;J;85;66;68;85;T;83
ID5635;2026;v;V-2026;ESFJ;12;E;S;F;J;56;54;69;99;T;83
ID7925;2026;v;V-2026;INFP;6;I;N;F;P;64;52;51;60;T;60
ID6419;2026;v;V-2026;ENTJ;3;E;N;T;J;75;68;63;57;A;57
ID6428;2026;v;V-2026;ENFJ;7;E;N;F;J;90;77;77;88;A;54
ID6145;2026;v;V-2026;INTJ;1;I;N;T;J;54;68;61;86;T;60
ID6097;2026;v;V-2026;ENTJ;3;E;N;T;J;78;57;51;63;T;61
ID6802;2026;v;V-2026;ENFJ;7;E;N;F;J;65;59;75;88;A;63
ID4815;2026;v;V-2026;ENFJ;7;E;N;F;J;57;63;56;76;T;63
ID7541;2026;v;V-2026;ENFJ;7;E;N;F;J;86;73;53;51;A;65
ID7332;2026;v;V-2026;ESTJ;11;E;S;T;J;53;54;64;81;T;74
ID5724;2026;v;V-2026;ENFP;8;E;N;F;P;67;70;69;51;T;72
ID5678;2026;v;V-2026;INTJ;1;I;N;T;J;63;56;81;61;T;51
ID6523;2026;v;V-2026;ESFJ;12;E;S;F;J;96;64;61;90;A;78
ID6222;2026;v;V-2026;ESTJ;11;E;S;T;J;54;59;64;78;A;71
ID4145;2026;v;V-2026;ENTP;4;E;N;T;P;74;71;64;67;A;69
ID7815;2026;v;V-2026;ESTJ;11;E;S;T;J;64;71;54;76;T;79
ID6231;2026;v;V-2026;ENFJ;7;E;N;F;J;64;82;58;65;T;58
ID4347;2026;v;V-2026;ENFJ;7;E;N;F;J;78;52;85;69;A;51
ID7146;2026;v;V-2026;ESTJ;11;E;S;T;J;90;57;61;82;A;82
ID7633;2026;v;V-2026;INTP;2;I;N;T;P;52;54;51;67;T;56
ID4142;2026;v;V-2026;ENFJ;7;E;N;F;J;71;57;69;58;A;56
ID7687;2026;v;V-2026;ESFJ;12;E;S;F;J;86;66;68;54;A;53
ID4118;2026;v;V-2026;ESFJ;12;E;S;F;J;76;52;52;75;A;75
ID7343;2026;v;V-2026;ENTJ;3;E;N;T;J;96;88;51;79;A;75
ID7703;2026;v;V-2026;ENFJ;7;E;N;F;J;85;84;53;64;A;64
ID4357;2026;v;V-2026;INTJ;1;I;N;T;J;54;70;51;65;A;74
ID7324;2026;v;V-2026;ENTJ;3;E;N;T;J;74;56;79;57;A;64
ID6203;2026;v;V-2026;INFJ;5;I;N;F;J;67;66;68;89;T;82
ID7588;2026;v;V-2026;ESFJ;12;E;S;F;J;67;53;72;56;T;60
ID5702;2026;v;V-2026;ISFP;14;I;S;F;P;56;59;54;63;T;67
ID5483;2026;v;V-2026;ESFJ;12;E;S;F;J;54;52;65;64;A;61
ID4061;2026;v;V-2026;ENTJ;3;E;N;T;J;61;78;65;73;A;76
ID6888;2026;v;V-2026;ESTJ;11;E;S;T;J;76;55;72;81;A;76
ID4752;2026;v;V-2026;INFP;6;I;N;F;P;51;68;71;60;T;60
ID8001;2026;v;V-2026;ENTJ;3;E;N;T;J;68;66;69;74;A;65
ID5296;2026;v;V-2026;INTJ;1;I;N;T;J;54;92;68;78;A;65
ID5100;2026;v;V-2026;ISTJ;9;I;S;T;J;72;71;61;51;T;56
ID5111;2026;v;V-2026;ENTP;4;E;N;T;P;65;60;65;51;A;81
ID7296;2026;v;V-2026;ESFJ;12;E;S;F;J;74;71;53;81;T;68
ID4335;2026;v;V-2026;ENFJ;7;E;N;F;J;71;63;67;82;T;61
ID7048;2026;v;V-2026;ENFJ;7;E;N;F;J;85;64;58;54;T;60
ID5188;2026;v;V-2026;ISTP;13;I;S;T;P;54;54;58;63;T;51
ID4013;2026;v;V-2026;ENFP;8;E;N;F;P;61;54;72;78;A;75
ID8002;2026;v;V-2026;INFJ;5;I;N;F;J;51;67;56;54;T;53
ID5024;2026;v;V-2026;ESTP;15;E;S;T;P;89;62;54;54;T;63
ID6574;2026;v;V-2026;ESTJ;11;E;S;T;J;63;66;57;78;T;69
ID4041;2026;v;V-2026;ENFJ;7;E;N;F;J;89;61;67;82;A;54
ID7936;2026;v;V-2026;ESFJ;12;E;S;F;J;99;53;74;88;A;75
ID5600;2026;v;V-2026;ENFJ;7;E;N;F;J;82;79;67;86;A;51
ID6593;2026;v;V-2026;ESFJ;12;E;S;F;J;81;61;60;75;T;67
ID4772;2026;v;V-2026;ENFJ;7;E;N;F;J;81;70;64;89;T;56
ID8003;2026;v;V-2026;ENTJ;3;E;N;T;J;51;67;68;64;T;53
ID6382;2026;v;V-2026;ENTJ;3;E;N;T;J;83;63;58;57;A;64
ID5119;2026;v;V-2026;ESFP;16;E;S;F;P;76;79;69;56;T;68
ID7917;2026;v;V-2026;ENFJ;7;E;N;F;J;67;89;83;81;A;54
ID6317;2026;v;V-2026;INFJ;5;I;N;F;J;54;84;69;90;T;65
ID4731;2026;v;V-2026;ISTJ;9;I;S;T;J;57;68;60;68;T;71
ID4746;2026;v;V-2026;INFJ;5;I;N;F;J;63;71;51;91;T;64
ID4755;2026;v;V-2026;ENTP;4;E;N;T;P;69;56;60;64;T;54
ID5003;2026;v;V-2026;ENFJ;7;E;N;F;J;72;64;60;86;A;68
ID7762;2026;v;V-2026;ISFJ;10;I;S;F;J;53;57;65;67;A;71
ID6101;2026;v;V-2026;ENFJ;7;E;N;F;J;58;60;51;78;A;60
ID6415;2026;v;V-2026;ENTJ;3;E;N;T;J;57;59;53;53;A;57
ID4875;2026;v;V-2026;ENFJ;7;E;N;F;J;61;52;71;71;A;60
ID6468;2026;v;V-2026;ENTP;4;E;N;T;P;89;95;51;81;T;54
ID8004;2026;v;V-2026;INTP;2;I;N;T;P;82;82;54;63;A;60
ID5659;2026;v;V-2026;ENFJ;7;E;N;F;J;57;75;51;78;T;68
ID6737;2026;v;V-2026;INFJ;5;I;N;F;J;56;51;56;76;A;65
ID5407;2026;v;V-2026;ENFJ;7;E;N;F;J;74;75;60;56;T;63
ID6830;2026;v;V-2026;ESFJ;12;E;S;F;J;79;64;58;86;A;72
ID7702;2026;v;V-2026;INTP;2;I;N;T;P;68;54;54;53;A;69
ID6879;2026;v;V-2026;ENTJ;3;E;N;T;J;74;57;69;72;A;72
ID7346;2026;v;V-2026;ENFJ;7;E;N;F;J;100;71;65;94;A;82
ID6816;2026;v;V-2026;ISFP;14;I;S;F;P;53;51;57;58;T;82
